Count,Name,Country,City,Bias,Heart,Date,Message1,Message
,strawberry ! ğŸ“,Australia,"Sydney, Australia",Rawhyun,#a5bd5e,4/1/2021,,"Hello my NTX !!! I've been an NTFUL since right after Full Of Lovescapes was released, and I've been following your journey since then ! Thank you always for giving me strength and making me so proud to be an NTFUL over these 4 years ğŸ¥¹ğŸ©· Watching you grow and become more popular has made me so happy and filled me with joy ! Keep making music that you love, and NTFUL will keep following you with all of our hearts. We love you NTX ğŸ«¶ğŸ«¶"
,Beca,Austria,"Salzburg, Austria",8,#EE2424,12/19/2023,,"Happy anniversary! A more perfect debut date for you guys doesnâ€™t exist. Celebrating year after year around the days that flowers bloom and the world comes back to life is just fitting for you in my eyes. Youâ€™ve brought so so so much joy and beauty back into my life. Be it through the music, the performances or the parts of you Iâ€™m allowed to see. Thank you all for that, for everything you do and making it possible for me to meet lots and lots of cute ntfuls from all around the world. Love, Beca"
,Bia,Brazil,Joao Pessoa- Brazil,Changhun,#6d8db7,3/31/2024,,"Thank you for being NTX, you brighten my life and my days, always stay together, I love you"
,rayssa (ë ˆì´ì‚¬),Brazil,"SÃ£o LuÃ­s-MA, Brasil",ì§€ì°½í›ˆ,#6d8db7,4/1/2024,"ë‚˜ëŠ” ì¸ìƒì—ì„œ ë§¤ìš° ì„¬ì„¸í•œ ìˆœê°„ì— ìˆì—ˆê³  ë§ì€ ì¼ì— ëŒ€í•´ ë§¤ìš° ìŠ¬íìŠµë‹ˆë‹¤... ì¹œêµ¬ë“¤ì´ ì €ì—ê²Œ NTXë¥¼ ì†Œê°œí•´ ì£¼ì—ˆê³  NTXëŠ” ì €ì˜ ì¼ìƒì— ë¹›ê³¼ ê°™ì•˜ìŠµë‹ˆë‹¤~~ NTXëŠ” ì €ì—ê²Œ ë§¤ì¼ ë™ê¸°ë¥¼ ë¶€ì—¬í•˜ê³  í–‰ë³µí•˜ê²Œ í•´ì¤ë‹ˆë‹¤. ì´ë ‡ê²Œ í›Œë¥­í•˜ê³  ì¬ëŠ¥ ìˆëŠ” ì†Œë…„ë“¤ì˜ íŒ¬ì´ ëœ ê²ƒì´ ë§¤ìš° ìë‘ìŠ¤ëŸ½ìŠµë‹ˆë‹¤. ë‹¹ì‹ ì´ ë‚˜ë¥¼ í–‰ë³µí•˜ê²Œ í•˜ë“¯ ë‚˜ë„ ë‹¹ì‹ ì„ í–‰ë³µí•˜ê²Œ í•˜ê¸°ë¥¼ ë°”ëë‹ˆë‹¤ğŸ¤ŸğŸ¼ğŸ¤ŸğŸ¼ amo vocÃªs, ìš°ë¦¬ëŠ” ëê¹Œì§€ í•¨ê»˜ í• ê±°ì•¼<3","ë‚˜ëŠ” ì¸ìƒì—ì„œ ë§¤ìš° ì„¬ì„¸í•œ ìˆœê°„ì— ìˆì—ˆê³  ë§ì€ ì¼ì— ëŒ€í•´ ë§¤ìš° ìŠ¬íìŠµë‹ˆë‹¤... ì¹œêµ¬ë“¤ì´ ì €ì—ê²Œ NTXë¥¼ ì†Œê°œí•´ ì£¼ì—ˆê³  NTXëŠ” ì €ì˜ ì¼ìƒì— ë¹›ê³¼ ê°™ì•˜ìŠµë‹ˆë‹¤~~ NTXëŠ” ì €ì—ê²Œ ë§¤ì¼ ë™ê¸°ë¥¼ ë¶€ì—¬í•˜ê³  í–‰ë³µí•˜ê²Œ í•´ì¤ë‹ˆë‹¤. ì´ë ‡ê²Œ í›Œë¥­í•˜ê³  ì¬ëŠ¥ ìˆëŠ” ì†Œë…„ë“¤ì˜ íŒ¬ì´ ëœ ê²ƒì´ ë§¤ìš° ìë‘ìŠ¤ëŸ½ìŠµë‹ˆë‹¤. ë‹¹ì‹ ì´ ë‚˜ë¥¼ í–‰ë³µí•˜ê²Œ í•˜ë“¯ ë‚˜ë„ ë‹¹ì‹ ì„ í–‰ë³µí•˜ê²Œ í•˜ê¸°ë¥¼ ë°”ëë‹ˆë‹¤ğŸ¤ŸğŸ¼ğŸ¤ŸğŸ¼ amo vocÃªs, ìš°ë¦¬ëŠ” ëê¹Œì§€ í•¨ê»˜ í• ê±°ì•¼<3"
,duda,Brazil,"JoÃ£o Pessoa., Brasil",Hojun,#81c3ad,12/1/2023,,"ParabÃ©ns meninos, voltem sempre ao Brasil, estaremos sempre de braÃ§os abertos <3<3"
,Ana Yasmine,Brazil,"Minas Gerais, Brazil",Hojun,#81c3ad,6/2/2024,"ì—”í‹°ì—‘ìŠ¤ ë°ë·” ê¸°ë…ì¼ ì¶•í•˜í•´ìš”! ì²˜ìŒë¶€í„° í•¨ê»˜í•˜ì§€ëŠ” ëª»í–ˆì§€ë§Œ, ì‘ë…„ì— ì—¬ëŸ¬ë¶„ì„ ì•Œê²Œ ë˜ê³  íŒ¬ì´ ë  ìˆ˜ ìˆì–´ì„œ ì •ë§ í–‰ë³µí•´ìš”. í•­ìƒ ì—´ì‹¬íˆ í•´ì¤˜ì„œ ê³ ë§™ê³ , ë©‹ì§„ ìŒì•…ì„ ë§Œë“¤ì–´ì¤˜ì„œ ê°ì‚¬í•´ìš”. ì—”í‹°ì—‘ìŠ¤ì™€ í•¨ê»˜í•˜ëŠ” ëª¨ë“  ìˆœê°„ì´ íŠ¹ë³„í•˜ê³ , ì•ìœ¼ë¡œë„ ì˜¤ë«ë™ì•ˆ ì‘ì›í•˜ê³  ì‹¶ì–´ìš”. ì´ë²ˆ ìƒˆë¡œìš´ í•´ì—ë„ ë” ë§ì€ í–‰ë³µê³¼ ì„±ê³µì´ ìˆê¸°ë¥¼ ë°”ëë‹ˆë‹¤! ì‚¬ë‘í•´ìš”!","ì—”í‹°ì—‘ìŠ¤ ë°ë·” ê¸°ë…ì¼ ì¶•í•˜í•´ìš”! ì²˜ìŒë¶€í„° í•¨ê»˜í•˜ì§€ëŠ” ëª»í–ˆì§€ë§Œ, ì‘ë…„ì— ì—¬ëŸ¬ë¶„ì„ ì•Œê²Œ ë˜ê³  íŒ¬ì´ ë  ìˆ˜ ìˆì–´ì„œ ì •ë§ í–‰ë³µí•´ìš”. í•­ìƒ ì—´ì‹¬íˆ í•´ì¤˜ì„œ ê³ ë§™ê³ , ë©‹ì§„ ìŒì•…ì„ ë§Œë“¤ì–´ì¤˜ì„œ ê°ì‚¬í•´ìš”. ì—”í‹°ì—‘ìŠ¤ì™€ í•¨ê»˜í•˜ëŠ” ëª¨ë“  ìˆœê°„ì´ íŠ¹ë³„í•˜ê³ , ì•ìœ¼ë¡œë„ ì˜¤ë«ë™ì•ˆ ì‘ì›í•˜ê³  ì‹¶ì–´ìš”. ì´ë²ˆ ìƒˆë¡œìš´ í•´ì—ë„ ë” ë§ì€ í–‰ë³µê³¼ ì„±ê³µì´ ìˆê¸°ë¥¼ ë°”ëë‹ˆë‹¤! ì‚¬ë‘í•´ìš”!"
,Lauralima0613,Brazil,Belo Horizonte Brazil,Hojun,#81c3ad,2024,"ì•ˆë…•í•˜ì„¸ìš” NTX. ì—´ì‹¬íˆ ë…¸ë ¥í•´ì£¼ì…”ì„œ ê°ì‚¬í•©ë‹ˆë‹¤. 4ë…„ì´ ì§€ë‚¬ëŠ”ë° ì •ë§ ì˜ í•´ë‚´ì…¨ìŠµë‹ˆë‹¤. ì‹œê°„ì´ ì •ë§ ë¹¨ë¦¬ íë¥´ì£ ? ì—¬ëŸ¬ë¶„ì´ ì´ ì•„ë¦„ë‹¤ìš´ ì—¬ì •ì„ ì¦ê¸°ì‹œê¸° ë°”ëë‹ˆë‹¤. ì—¬ëŸ¬ë¶„ì€ í•¨ê»˜ ì„±ì¥í•˜ê³ , ìš°ë¦¬ëŠ” ì—¬ëŸ¬ë¶„ê³¼ í•¨ê»˜ ê±·ê³  ìˆìŠµë‹ˆë‹¤. ì„¸ìƒ ë°˜ëŒ€í¸ì—ì„œ ë‹¹ì‹ ì„ ìƒê°í•˜ê³  ì‘ì›í•˜ëŠ” ì‚¬ëŒë“¤ì´ ìˆë‹¤ê³  í•´ì„œ ì™¸ë¡œì›€ì„ ëŠë¼ì§€ ë§ˆì„¸ìš”. ìš°ë¦¬ë¥¼ ìŠì§€ ë§ê³ , NTFulì„ ìƒê°í•˜ë©° ê±´ê°•ì„ ì˜ ì±™ê¸°ì„¸ìš”. ë‹¹ì‹ ì´ ì—†ì—ˆë‹¤ë©´ ìš°ë¦¬ëŠ” ì¡´ì¬í•  ìˆ˜ ì—†ì—ˆì„ ê²ƒì…ë‹ˆë‹¤. ì •ë§ ê°ì‚¬í•˜ê³ , ë‹¹ì‹ ì„ ì‚¬ë‘í•©ë‹ˆë‹¤. ì•ìœ¼ë¡œ ì˜¤ëœ ì„¸ì›” ë‹¹ì‹ ê³¼ í•¨ê»˜ í•  ìˆ˜ ìˆê¸°ë¥¼. ë‚˜ëŠ” ë‹¹ì‹ ì„ ë§¤ìš°, ë§¤ìš°, ë§¤ìš°, ë§¤ìš° ì‚¬ë‘í•©ë‹ˆë‹¤.","ì•ˆë…•í•˜ì„¸ìš” NTX. ì—´ì‹¬íˆ ë…¸ë ¥í•´ì£¼ì…”ì„œ ê°ì‚¬í•©ë‹ˆë‹¤. 4ë…„ì´ ì§€ë‚¬ëŠ”ë° ì •ë§ ì˜ í•´ë‚´ì…¨ìŠµë‹ˆë‹¤. ì‹œê°„ì´ ì •ë§ ë¹¨ë¦¬ íë¥´ì£ ? ì—¬ëŸ¬ë¶„ì´ ì´ ì•„ë¦„ë‹¤ìš´ ì—¬ì •ì„ ì¦ê¸°ì‹œê¸° ë°”ëë‹ˆë‹¤. ì—¬ëŸ¬ë¶„ì€ í•¨ê»˜ ì„±ì¥í•˜ê³ , ìš°ë¦¬ëŠ” ì—¬ëŸ¬ë¶„ê³¼ í•¨ê»˜ ê±·ê³  ìˆìŠµë‹ˆë‹¤. ì„¸ìƒ ë°˜ëŒ€í¸ì—ì„œ ë‹¹ì‹ ì„ ìƒê°í•˜ê³  ì‘ì›í•˜ëŠ” ì‚¬ëŒë“¤ì´ ìˆë‹¤ê³  í•´ì„œ ì™¸ë¡œì›€ì„ ëŠë¼ì§€ ë§ˆì„¸ìš”. ìš°ë¦¬ë¥¼ ìŠì§€ ë§ê³ , NTFulì„ ìƒê°í•˜ë©° ê±´ê°•ì„ ì˜ ì±™ê¸°ì„¸ìš”. ë‹¹ì‹ ì´ ì—†ì—ˆë‹¤ë©´ ìš°ë¦¬ëŠ” ì¡´ì¬í•  ìˆ˜ ì—†ì—ˆì„ ê²ƒì…ë‹ˆë‹¤. ì •ë§ ê°ì‚¬í•˜ê³ , ë‹¹ì‹ ì„ ì‚¬ë‘í•©ë‹ˆë‹¤. ì•ìœ¼ë¡œ ì˜¤ëœ ì„¸ì›” ë‹¹ì‹ ê³¼ í•¨ê»˜ í•  ìˆ˜ ìˆê¸°ë¥¼. ë‚˜ëŠ” ë‹¹ì‹ ì„ ë§¤ìš°, ë§¤ìš°, ë§¤ìš°, ë§¤ìš° ì‚¬ë‘í•©ë‹ˆë‹¤."
,Nara,Brazil,Salvador Bahia,í˜¸ì¤€,#81c3ad,2/1/2025,,"Obrigado por terem se tornado o meu SOS , quando ninguÃ©m mas me via vocÃªs me encontraram e espero que essa forÃ§a seja recÃ­proca , vocÃªs conseguem tudo que quererem , estaremos sempre juntos . ê°ì‚¬í•©ë‹ˆë‹¤"
,ë¼ë¦¬ğŸ¤Ÿ,Brazil,ë¸Œë¼ì§ˆ,í˜¸ì¤€,#81c3ad,4/1/2021,,"Happy 4th birthday!! I'm grateful for your hard work and for making my days happier, you guys are amazing! I want to spend many years with my favorite boys!! ğŸ’•ğŸ¤ŸğŸ’•"
,viih!,Brazil,"Rio de Janeiro, Brasil",Eunho,#976a9a,12/1/2021,,"VocÃªs sÃ£o a minha inspiraÃ§Ã£o, na primeira vez que vi vocÃªs, foi mÃ¡gico, me senti ornada em conseguir ver vocÃªs de perto, ouvir a voz de vocÃªs..... Foi magico, agradeÃ§o muito por vocÃªs existirem! eu amo vocÃªs!"
,Let,Brazil,JoÃ£o Pessoa - ParaÃ­ba,Eunho,#976a9a,2/1/2023,,"To my dear NTX who is so precious, I love you so much and I thank you for spending this birthday together and may we be together for many years, see you soon â™¥ï¸"
,TÃªto,Brazil,JoÃ£o Pessoa,Raw Hyun,#a5bd5e,6/1/2024,,"HAPPY DEBUT DAYYYYYYYYY!!!!! I'm very proud to see the group you guys become, with each debut you surpass each other, I'm grateful for you making my day ,even so distant, And may more years come of you together as NTX, love u guys so much <3"
,Sarah ğŸ‡,Brazil,JoÃ£o Pessoa - Brasil,Rawhyun,#a5bd5e,7/1/2024,,"ëª¨ë“  ìˆœê°„ì„ í–‰ë³µí•˜ê²Œ í•´ì¤€ NTX ê³ ë§ˆì›Œìš”, ì¡´ì¬í•´ì¤˜ì„œ ê³ ë§ˆì›Œìš”, ë„ˆë¬´ ì‚¬ë‘í•´ìš”! ì—¬ëŸ¬ë¶„ê³¼ í–‰ë³µí•œ ì¶”ì–µì„ ê³µìœ í•  ìˆ˜ ìˆì–´ì„œ í–‰ë³µí•´ìš” â¤ï¸"
,Let___yr,Brazil,JoÃ£o Pessoa Brasil,RAWHYUN,#a5bd5e,5/1/2024,,"Congratulations NTX, in these 4 years together you have experienced many happy things and brought joy to many NTFULS including me, you are talented boys realizing your dream, you are incredible people, being in your presence is a magical feeling which I will never forget, I love you very much and I will always support you in everything, I wish you a life of light and success, I love you my loves, I can't wait to see you again...â¤ï¸â€ğŸ©¹âœ¨ğŸ€ğŸ‚ğŸ¥³ğŸ‡§ğŸ‡·"
,Thay,Brazil,"Brasil, joÃ£o pessoa",Rawhyun,#a5bd5e,6/1/2024,,"Vim aqui agradecer pelo carinho que vocÃªs tem com o Brasil, ano passado quando vocÃªs foram embora senti muitas saudades, este ano assim que descobri que voltariam para fazer show na minha cidade fiquei muito feliz, espero que vocÃªs possam voltar todos os anos."
,Mari,Brazil,"Guarabira, Brasil",Rawhyun,#a5bd5e,6/15/2024,,"Happy 4th debut anniversary, I love you ğŸ’š"
,Breno,Brazil,"JoÃ£o Pessoa, Brazil",Rawhyun,#a5bd5e,4/1/2024,,"I just hope you all know how talented you are and how much joy you bring to us, NTFuls, all around the world. Keep shining brighter and brighter, because we'll always be here watching and rooting for your success. ë„ˆë¬´ ë§ì´ ì‚¬ë‘í•´ â¤ï¸"
,Jonathan,Brazil,Brazil - JoÃ£o Pessoa,Rawhyun,#a5bd5e,4/1/2021,,"Dear NTX, Happy 4th anniversary! ğŸ’– I hope there will be many celebrations ahead. I'm proud of you and I'm happy to be an NTFUL! I want you to shine and grow even more and I will always be supporting my beloved group. I love you infinitely! ğŸ¥°"
,bru,Brazil,Brasil,rawhyun,#a5bd5e,11/7/2024,,"NTFULSì—ê²Œ ì£¼ì‹  ëª¨ë“  ì‚¬ë‘ê³¼ ê¸°íšŒì— ê°ì‚¬ë“œë¦½ë‹ˆë‹¤. ë‹¹ì‹ ì€ ìµœì„ ì„ ë‹¤í•  ìê²©ì´ ìˆê¸° ë•Œë¬¸ì— ë‹¹ì‹ ì˜ ê¿ˆì´ ì ì  ë” ì´ë£¨ì–´ì§€ê¸°ë¥¼ ë°”ëë‹ˆë‹¤. ìš°ë¦¬ê°€ ë‹¤ë¥¸ ë§ì€ ìƒì¼ì„ í•¨ê»˜ ë³´ë‚´ê¸¸, ì‚¬ë‘í•´! ğŸ¤"
,Sarah,Brazil,"Brazil, GoiÃ¡s, GoiÃ¢nia",Rawhyun,#a5bd5e,3/28/2025,,"NTX, i love you all very much! I wish all the best for this wonderful group and I am so excited to see you guys in june 28 in GoiÃ¢nia! Thanks so much for your hard work, NTX!"
,ë£¨ì•„,Brazil,Brazil,Rawhyun,#a5bd5e,3/30/2024,ë°ë·” 4ì£¼ë…„ ì¶•í•˜í•´~! ğŸ’š ì˜¤ëŠ˜ ë‚œ ì—”í‹°ì—‘ìŠ¤ì™€ í•¨ê»˜ 1ë…„ì„ ë³´ë‚´ê³  ìˆì–´ì„œ ë‘ ë°°ë¡œ í–‰ë³µí•´...ë‚  ë„ˆë¬´ í–‰ë³µí•˜ê²Œ í•´ì¤˜ì„œ ê³ ë§ˆì›Œ ã… ã…  ì—”í‹°ì—‘ìŠ¤ ë•ë¶„ì— ë§¤ì¼ ë” ë‚˜ì€ ì‚¬ëŒì´ ë˜ê³  ì‹¶ì–´!! ì—”í‹°í”Œ ëœ ê²Œ ì œ ì¸ìƒì—ì„œ ê°€ì¥ ì¢‹ì€ ì¼ì•¼...ì–´ë‘  ì†ì—ì„œë„ ë„ˆë¥¼ ì°¾ì„ ìˆ˜ ìˆì–´ì„œ í–‰ë³µí•´ (â â•¥â ï¹â â•¥â ) ë‚´ê²Œ ê°€ì¥ í° ì˜ê°ì„ ì£¼ì…”ì„œ ê³ ë§ˆì›Œ!! ëª¨ë“  ë©¤ë²„ë“¤ì´ ì‚¬ëŒìœ¼ë¡œì„œ ì•„í‹°ìŠ¤íŠ¸ë¡œì„œ ì„±ì¥í•˜ëŠ” ëª¨ìŠµì„ ë³´ëŠ” ê²ƒì„ ì¢‹ì•„ >â .â < ë•ë¶„ì— ìƒˆë¡­ê³  ë©‹ì§„ ì‚¬ëŒë“¤ì„ ë§Œë‚  ìˆ˜ ìˆì–´ì„œ ì •ë§ ê°ì‚¬í•´~ ì´ì œ ë” ì´ìƒ ì™¸ë¡­ì§€ ì•Šì•„ã…ã… ì—”í‹°ì—‘ìŠ¤ ë…¸ë˜ëŠ” ë‚˜ì—ê²Œ ìœ„ì•ˆì´ ë©ë‹ˆë‹¤...ë‚œ í•­ìƒ ì•ˆì „í•˜ê³  ì‚¬ë‘ë°›ëŠ”ë‹¤ê³  ëŠë‚ë‹ˆë‹¤~ ë‚´ê°€ ê°€ì¥ ì¢‹ì•„í•˜ëŠ” ì•„í‹°ìŠ¤íŠ¸ê°€ ë˜ì–´ì¤˜ì„œ ê³ ë§ˆì›Œ â™¡ ì¢‹ì€ ì¶”ì–µê³¼ ë¯¸ì†Œë¡œ ìš°ë¦¬ ë§ˆìŒì„ ê°€ë“ ì±„ìš°ì...ëŠ˜ ê·¸ë˜ì™”ë“¯ì´ ì„œë¡œê°€ ì„œë¡œì—ê²Œ ê°€ì¥ í° í˜ì´ ë˜ì–´ì£¼ì~!! ì•ìœ¼ë¡œë„ ë¹›ë‚˜ëŠ” ê¸¸ì„ ê±¸ì–´ì¤˜ âœ¨ ìš°ë¦¬ ì˜ì›íˆ í•¨ê»˜ í–‰ë³µí•˜ì~ ìë‘ìŠ¤ëŸ¬ì›Œ!! ì‚¬ë‘í•´ ğŸ’šğŸ’š,ë°ë·” 4ì£¼ë…„ ì¶•í•˜í•´~! ğŸ’š ì˜¤ëŠ˜ ë‚œ ì—”í‹°ì—‘ìŠ¤ì™€ í•¨ê»˜ 1ë…„ì„ ë³´ë‚´ê³  ìˆì–´ì„œ ë‘ ë°°ë¡œ í–‰ë³µí•´...ë‚  ë„ˆë¬´ í–‰ë³µí•˜ê²Œ í•´ì¤˜ì„œ ê³ ë§ˆì›Œ ã… ã…  ì—”í‹°ì—‘ìŠ¤ ë•ë¶„ì— ë§¤ì¼ ë” ë‚˜ì€ ì‚¬ëŒì´ ë˜ê³  ì‹¶ì–´!! ì—”í‹°í”Œ ëœ ê²Œ ì œ ì¸ìƒì—ì„œ ê°€ì¥ ì¢‹ì€ ì¼ì•¼...ì–´ë‘  ì†ì—ì„œë„ ë„ˆë¥¼ ì°¾ì„ ìˆ˜ ìˆì–´ì„œ í–‰ë³µí•´ (â â•¥â ï¹â â•¥â ) ë‚´ê²Œ ê°€ì¥ í° ì˜ê°ì„ ì£¼ì…”ì„œ ê³ ë§ˆì›Œ!! ëª¨ë“  ë©¤ë²„ë“¤ì´ ì‚¬ëŒìœ¼ë¡œì„œ ì•„í‹°ìŠ¤íŠ¸ë¡œì„œ ì„±ì¥í•˜ëŠ” ëª¨ìŠµì„ ë³´ëŠ” ê²ƒì„ ì¢‹ì•„ >â .â < ë•ë¶„ì— ìƒˆë¡­ê³  ë©‹ì§„ ì‚¬ëŒë“¤ì„ ë§Œë‚  ìˆ˜ ìˆì–´ì„œ ì •ë§ ê°ì‚¬í•´~ ì´ì œ ë” ì´ìƒ ì™¸ë¡­ì§€ ì•Šì•„ã…ã… ì—”í‹°ì—‘ìŠ¤ ë…¸ë˜ëŠ” ë‚˜ì—ê²Œ ìœ„ì•ˆì´ ë©ë‹ˆë‹¤...ë‚œ í•­ìƒ ì•ˆì „í•˜ê³  ì‚¬ë‘ë°›ëŠ”ë‹¤ê³  ëŠë‚ë‹ˆë‹¤~ ë‚´ê°€ ê°€ì¥ ì¢‹ì•„í•˜ëŠ” ì•„í‹°ìŠ¤íŠ¸ê°€ ë˜ì–´ì¤˜ì„œ ê³ ë§ˆì›Œ â™¡ ì¢‹ì€ ì¶”ì–µê³¼ ë¯¸ì†Œë¡œ ìš°ë¦¬ ë§ˆìŒì„ ê°€ë“ ì±„ìš°ì...ëŠ˜ ê·¸ë˜ì™”ë“¯ì´ ì„œë¡œê°€ ì„œë¡œì—ê²Œ ê°€ì¥ í° í˜ì´ ë˜ì–´ì£¼ì~!! ì•ìœ¼ë¡œë„ ë¹›ë‚˜ëŠ” ê¸¸ì„ ê±¸ì–´ì¤˜ âœ¨ ìš°ë¦¬ ì˜ì›íˆ í•¨ê»˜ í–‰ë³µí•˜ì~ ìë‘ìŠ¤ëŸ¬ì›Œ!! ì‚¬ë‘í•´ ğŸ’šğŸ’š
,ë£¨ì•„,Brazil,Brazil,Rawhyun,#a5bd5e,3/1/2024,4ì£¼ë…„ ì¶•í•˜í•´~! ì˜¤ëŠ˜ ë‚œ ì—”í‹°ì—‘ìŠ¤ì™€ í•¨ê»˜ 1ë…„ì„ ë³´ë‚´ê³  ìˆì–´ì„œ ë‘ ë°°ë¡œ í–‰ë³µí•´...ë‚  ë„ˆë¬´ í–‰ë³µí•˜ê²Œ í•´ì¤˜ì„œ ê³ ë§ˆì›Œ ã… ã…  ì—”í‹°ì—‘ìŠ¤ ë•ë¶„ì— ë§¤ì¼ ë” ë‚˜ì€ ì‚¬ëŒì´ ë˜ê³  ì‹¶ì–´!! ìš°ë¦¬ ì˜ì›íˆ í•¨ê»˜ í–‰ë³µí•˜ì~ ì‚¬ë‘í•´ ğŸ’š,4ì£¼ë…„ ì¶•í•˜í•´~! ì˜¤ëŠ˜ ë‚œ ì—”í‹°ì—‘ìŠ¤ì™€ í•¨ê»˜ 1ë…„ì„ ë³´ë‚´ê³  ìˆì–´ì„œ ë‘ ë°°ë¡œ í–‰ë³µí•´...ë‚  ë„ˆë¬´ í–‰ë³µí•˜ê²Œ í•´ì¤˜ì„œ ê³ ë§ˆì›Œ ã… ã…  ì—”í‹°ì—‘ìŠ¤ ë•ë¶„ì— ë§¤ì¼ ë” ë‚˜ì€ ì‚¬ëŒì´ ë˜ê³  ì‹¶ì–´!! ìš°ë¦¬ ì˜ì›íˆ í•¨ê»˜ í–‰ë³µí•˜ì~ ì‚¬ë‘í•´ ğŸ’š
,LaysğŸ’–,Brazil,Brasil ğŸ‡§ğŸ‡·,Rawhyun ğŸ’š,#a5bd5e,2024,,"Congratulations NTX on another birthday. May many years together come and I am so happy that I can celebrate with you, boys. I am an Ntful from Brazil and I love each and every one of you, thank you for existing.ğŸ’šğŸ‡§ğŸ‡·"
,"sunny, rawhyun gf!!ğŸ‡§ğŸ‡·ğŸ¤ŸğŸ»ğŸ¤ŸğŸ»ğŸ¤ŸğŸ»",Brazil,SÃ£o Paulo - Brasil.,rawhyun!!!ğŸ¤ŸğŸ»,#a5bd5e,4/1/2020,ê·¸ë£¹ 4ì£¼ë…„ ì¶•í•˜í•´ìš”!!!ğŸ‡§ğŸ‡·ğŸ‡§ğŸ‡·ğŸ¤ŸğŸ»ğŸ¤ŸğŸ»ğŸ¤ŸğŸ»ğŸ¤ŸğŸ»â¤ï¸â€ğŸ©¹ 4ë…„ê°„ ì •ë§ ì¦ê±°ì› ë˜ ntxì—ê²Œ ê°ì‚¬ ì¸ì‚¬ë¥¼ ì „í•˜ê³  ì‹¶ì—ˆì–´ìš”!! ê·¸ë“¤ì„ ë§Œë‚œ ì´í›„ë¡œ ê·¸ë“¤ ë•ë¶„ì— ìŠ¬í”ˆ ìˆœê°„ì´ ë§ì´ ì—†ì—ˆìŠµë‹ˆë‹¤!!! ë‚˜ëŠ” ê·¸ë“¤ì„ ì‚¬ë‘í•˜ê³  ì•ìœ¼ë¡œ 10ë…„ì„ ê·¸ë“¤ê³¼ í•¨ê»˜ ë³´ë‚´ê³  ì‹¶ìŠµë‹ˆë‹¤!! ë¸Œë¼ì§ˆì—ì„œ ë§Œë‚˜ìš”!,ê·¸ë£¹ 4ì£¼ë…„ ì¶•í•˜í•´ìš”!!!ğŸ‡§ğŸ‡·ğŸ‡§ğŸ‡·ğŸ¤ŸğŸ»ğŸ¤ŸğŸ»ğŸ¤ŸğŸ»ğŸ¤ŸğŸ»â¤ï¸â€ğŸ©¹ 4ë…„ê°„ ì •ë§ ì¦ê±°ì› ë˜ ntxì—ê²Œ ê°ì‚¬ ì¸ì‚¬ë¥¼ ì „í•˜ê³  ì‹¶ì—ˆì–´ìš”!! ê·¸ë“¤ì„ ë§Œë‚œ ì´í›„ë¡œ ê·¸ë“¤ ë•ë¶„ì— ìŠ¬í”ˆ ìˆœê°„ì´ ë§ì´ ì—†ì—ˆìŠµë‹ˆë‹¤!!! ë‚˜ëŠ” ê·¸ë“¤ì„ ì‚¬ë‘í•˜ê³  ì•ìœ¼ë¡œ 10ë…„ì„ ê·¸ë“¤ê³¼ í•¨ê»˜ ë³´ë‚´ê³  ì‹¶ìŠµë‹ˆë‹¤!! ë¸Œë¼ì§ˆì—ì„œ ë§Œë‚˜ìš”!
,JehAlmeida,Brazil,Brazil,Hyeokie,#c24a8d,8/1/2024,,"Happy birthday NTX! We love your willpower and undeniable talent! You are an inspiration to all of us! I love you all, I always say this: NTX is huge!"
,Alexia Helena,Brazil,JoÃ£o Pessoa - Brasil,OT8/Yunhyeok (utt),#c24a8d,8/1/2024,,Feliz AniversÃ¡rio aos meninos que serÃ£o os donos do meu primeiro show de kpop! Obrigada por sempre lembrarem do Nordeste do Brasil! Espero ansiosamente conhecer vocÃªs no dia 4 de Julho! Voem alto e conquistem o mundo todo! â¤ï¸
,Adriana,Brazil,Brasil Campina Grande ParaÃ­ba,Yeok,#c24a8d,2023,,Happy day My idols My love â¤ï¸â¤ï¸ğŸ¥°ğŸ¥°ğŸ¥°
,ë ˆë ,Brazil,Recife (Brazil),Yunhyeok,#c24a8d,4/1/2024,NTX ë°ë·” 4ì£¼ë…„ ì¶•í•˜í•´ìš”!! í•­ìƒ ë©‹ì§„ ìŒì•…ê³¼ ì—ë„ˆì§€ë¥¼ ë‚˜ëˆ ì¤˜ì„œ ê³ ë§ˆì›Œìš”. ì•ìœ¼ë¡œë„ ë” ë§ì€ ì„±ê³µê³¼ í–‰ë³µì´ í•¨ê»˜í•˜ê¸¸ ë°”ë¼ìš”! ì–¸ì œë‚˜ ì‘ì›í• ê²Œìš”~ te amooo!! <3,NTX ë°ë·” 4ì£¼ë…„ ì¶•í•˜í•´ìš”!! í•­ìƒ ë©‹ì§„ ìŒì•…ê³¼ ì—ë„ˆì§€ë¥¼ ë‚˜ëˆ ì¤˜ì„œ ê³ ë§ˆì›Œìš”. ì•ìœ¼ë¡œë„ ë” ë§ì€ ì„±ê³µê³¼ í–‰ë³µì´ í•¨ê»˜í•˜ê¸¸ ë°”ë¼ìš”! ì–¸ì œë‚˜ ì‘ì›í• ê²Œìš”~ te amooo!! <3
,Gigih,Brazil,"Brasil, SÃ£o Paulo",Xiha,#e06e3c,6/1/2024,,"I would like to say that they are my favorite group!! With NTX I feel at home,happy, and I feel like I can fly far. NTX came into my life to stay, and I love them!! May there be many more years of birthdays! ~Gigih loves NTX"
,JOY LETTO,Brazil,JoÃ£o Pessoa - PB / Brasil,XIHA,#e06e3c,5/23/2024,,"Happy birthday, NTX! Thank you for saving me every day, I love you. ğŸ¤âœ¨ï¸ I look forward to seeing you in Brazil soon."
,mafÃª,Brazil,JoÃ£o pessoa,Xiha,#e06e3c,2/1/2023,"ì§€ë‚œ ëª‡ ë…„ ë™ì•ˆ ì—´ì‹¬íˆ ì¼í•œ ê²ƒì„ ì¶•í•˜í•˜ê³  ì‹¶ìŠµë‹ˆë‹¤! ê·¸ë¦¬ê³  íˆ¬ì–´ì˜ ë„ì‹œì— JoÃ£o Pessoaë¥¼ í¬í•¨ì‹œì¼œ ì£¼ì…”ì„œ ê°ì‚¬í•©ë‹ˆë‹¤. ë‹¤ì‹œ ëµ™ê²Œ ë˜ì–´ ë§¤ìš° ê¸°ì©ë‹ˆë‹¤! live, laugh, love ntx ğŸ’š","ì§€ë‚œ ëª‡ ë…„ ë™ì•ˆ ì—´ì‹¬íˆ ì¼í•œ ê²ƒì„ ì¶•í•˜í•˜ê³  ì‹¶ìŠµë‹ˆë‹¤! ê·¸ë¦¬ê³  íˆ¬ì–´ì˜ ë„ì‹œì— JoÃ£o Pessoaë¥¼ í¬í•¨ì‹œì¼œ ì£¼ì…”ì„œ ê°ì‚¬í•©ë‹ˆë‹¤. ë‹¤ì‹œ ëµ™ê²Œ ë˜ì–´ ë§¤ìš° ê¸°ì©ë‹ˆë‹¤! live, laugh, love ntx ğŸ’š"
,Midas,Brazil,"Brasil, Rio de Janeiro",Xiha,#e06e3c,7/1/2024,,"Eu tenho tanto orgulho do quÃ£o longe vocÃªs chegaram. NTX merece todo o amor que recebe, e bem mais. Amo vocÃªs â™¡"
,Lili,Brazil,"Belo Horizonte, Brasil",Seungwon,#e4db54,6/1/2024,"ê·¸ë£¹ì˜ ì²« ë²ˆì§¸ ê¸°ë…ì¼ì„ íŒ¬ìœ¼ë¡œì„œ í•¨ê»˜í•˜ëŠ” ê±´ ì´ë²ˆì´ ì²˜ìŒì´ì—ìš”. ì†”ì§íˆ ë¬´ì—‡ì„ ê¸°ëŒ€í•´ì•¼ í• ì§€ ëª¨ë¥´ê² ì§€ë§Œ, ì •ë§ ê¸°ëŒ€ë˜ê³  ë§ì´ ì„¤ë ˆìš”! ìš°ë¦¬ ì†Œë…„ë“¤, ê³„ì†í•´ì„œ ì—´ì‹¬íˆ í•´ì¤˜ì„œ ê³ ë§ˆì›Œìš”! ëª¨ë“  ë…¸ë ¥ì€ í•­ìƒ ê°€ì¹˜ê°€ ìˆê³ , ì—¬ëŸ¬ë¶„ì€ ì •ë§ ì •ë§ ì¬ëŠ¥ ìˆê³  ì„±ì‹¤í•œ ë¶„ë“¤ì´ì—ìš”! ì œê°€ ì—¬ëŸ¬ë¶„ì„ ë„ˆë¬´ ì‚¬ë‘í•˜ê³ , ì•ìœ¼ë¡œë„ ì²œ ë…„ ë™ì•ˆ í•¨ê»˜í•  ìˆ˜ ìˆìœ¼ë©´ ì¢‹ê² ì–´ìš”! ã…‹ã…‹ã…‹ í•˜ì§€ë§Œ ì§„ì‹¬ì´ì—ìš”, ì‚¬ë‘í•´ìš” â¤ï¸","ê·¸ë£¹ì˜ ì²« ë²ˆì§¸ ê¸°ë…ì¼ì„ íŒ¬ìœ¼ë¡œì„œ í•¨ê»˜í•˜ëŠ” ê±´ ì´ë²ˆì´ ì²˜ìŒì´ì—ìš”. ì†”ì§íˆ ë¬´ì—‡ì„ ê¸°ëŒ€í•´ì•¼ í• ì§€ ëª¨ë¥´ê² ì§€ë§Œ, ì •ë§ ê¸°ëŒ€ë˜ê³  ë§ì´ ì„¤ë ˆìš”! ìš°ë¦¬ ì†Œë…„ë“¤, ê³„ì†í•´ì„œ ì—´ì‹¬íˆ í•´ì¤˜ì„œ ê³ ë§ˆì›Œìš”! ëª¨ë“  ë…¸ë ¥ì€ í•­ìƒ ê°€ì¹˜ê°€ ìˆê³ , ì—¬ëŸ¬ë¶„ì€ ì •ë§ ì •ë§ ì¬ëŠ¥ ìˆê³  ì„±ì‹¤í•œ ë¶„ë“¤ì´ì—ìš”! ì œê°€ ì—¬ëŸ¬ë¶„ì„ ë„ˆë¬´ ì‚¬ë‘í•˜ê³ , ì•ìœ¼ë¡œë„ ì²œ ë…„ ë™ì•ˆ í•¨ê»˜í•  ìˆ˜ ìˆìœ¼ë©´ ì¢‹ê² ì–´ìš”! ã…‹ã…‹ã…‹ í•˜ì§€ë§Œ ì§„ì‹¬ì´ì—ìš”, ì‚¬ë‘í•´ìš” â¤ï¸"
,Malu,Brazil,"Brazil, Recife",Seungwon,#e4db55,6/23/2024,"íŠ¹ë³„í•œ ë‚´ ì•„ì´ë“¤, ë°ë·” ê¸°ë…ì¼ ì¶•í•˜í•´ìš”! ë‚´ ì‚¶ì„ ë°”ê¾¸ê³  ê°€ì¥ ì¢‹ì€ ë°©ì‹ìœ¼ë¡œ ì˜ê°ì„ ì£¼ê³  ë™ê¸°ë¥¼ ë¶€ì—¬í•´ì¤˜ì„œ ê³ ë§ˆì›Œìš”. ì‚¬ë‘í•´ìš”, ì ˆëŒ€ ì—¬ëŸ¬ë¶„ì„ ë– ë‚˜ì§€ ì•Šì„ê²Œìš”. ìš°ë¦¬ê°€ ì—¬ëŸ¬ë¶„ì„ ì‚¬ë‘í•˜ëŠ” ê²ƒì²˜ëŸ¼, ì—¬ëŸ¬ë¶„ë„ ìš°ë¦¬ì˜ NTFULì„ ì‚¬ë‘í•´ì¤˜ì„œ ê³ ë§ˆì›Œìš”! <3","íŠ¹ë³„í•œ ë‚´ ì•„ì´ë“¤, ë°ë·” ê¸°ë…ì¼ ì¶•í•˜í•´ìš”! ë‚´ ì‚¶ì„ ë°”ê¾¸ê³  ê°€ì¥ ì¢‹ì€ ë°©ì‹ìœ¼ë¡œ ì˜ê°ì„ ì£¼ê³  ë™ê¸°ë¥¼ ë¶€ì—¬í•´ì¤˜ì„œ ê³ ë§ˆì›Œìš”. ì‚¬ë‘í•´ìš”, ì ˆëŒ€ ì—¬ëŸ¬ë¶„ì„ ë– ë‚˜ì§€ ì•Šì„ê²Œìš”. ìš°ë¦¬ê°€ ì—¬ëŸ¬ë¶„ì„ ì‚¬ë‘í•˜ëŠ” ê²ƒì²˜ëŸ¼, ì—¬ëŸ¬ë¶„ë„ ìš°ë¦¬ì˜ NTFULì„ ì‚¬ë‘í•´ì¤˜ì„œ ê³ ë§ˆì›Œìš”! <3"
,Lilys,Brazil,Brasil- belo horizonte,Seungwoon,#e4db59,7/1/2024,,"Bom dia, parabÃ©ns pelo quarto aniversÃ¡rio, vocÃªs merecem tudo de bom sÃ³ por se importar com vÃ¡rios paÃ­ses, ainda mais com o Brasil, aonde outras pessoas vÃ£o so pra rio ou sÃ£o Paulo. Muito obrigado por dar oportunidade pra outros estados daqui. Um beijo e um queijo"
,Nabi vt,Brazil,Brasil,Baek Hyeongjin,#ebe9e9,4/1/2023,,Espero que todos os desejos mais profundos de cada membro se realizem. Estarei aqui os apoiando e torcendo para que cada dia tenham mais sucesso e conquistem coisas incrÃ­veis como grupo e individualmente. O NTX merece todo o amor do mundo. Obrigada por fazerem meus dias mais felizes. TE AMO NTX â¤ï¸
,Apollo,Brazil,"BrasÃ­lia, Brasil",Hyeongjin,#ebe9e9,12/1/2023,,"Hello NTX, the group's 4th anniversary is here, 4 years of dedication, love for the fans and always giving everything to us through the songs. I just have to thank each and every one of you for making me smile and feel alive, thank you for appearing in my life when I needed it most. I love you all very much and I'm eagerly waiting for you here in Brazil <3"
,Bianca Amorim,Brazil,"Campina Grande, ParaÃ­ba - Brasil",Hyeongjin,#ebe9e9,2/1/2023,,"Thanks to you I created memories and made friendships Iâ€™ll cherish forever! Always grateful you guys came into my life, letâ€™s continue together for a long time! Eu amo vocÃªs ğŸ¤ğŸ©µ"
,gabi,Brazil,Brasil,Hyeongjin,#ebe9e9,6/1/2024,,"NTX, I'm so happy to have met you guys and you make me happier every day. I love your music, the members and your love for your fans. I will continue to follow you always! Thank you for staying with us. I love you and happy debut anniversary!"
,Jessica jsscgms,Brazil,"ParaÃ­ba, Brasil",8,#EE2424,4/1/2024,,"Oi meus meninos, tudo bem? ParabÃ©ns, feliz 4 anos! Me sento feliz em fazer parte disso como NTFUL, desejo uma carreira prÃ³spera ao NTX estarei aqui sempre ouvindo e me alegrando com suas mÃºsicas e suas conquistas. Que o mundo inteiro os conheÃ§am e os amem. Quero muito que saibam que eu amo TODOS os membros igualmente, fiquem sempre bem e juntos! E se as coisas ficarem difÃ­ceis, corram pros braÃ§os do Brasil â¤ï¸"
,hyeok's guaranÃ¡,Brazil,"JoÃ£o Pessoa, Brasil",8,#EE2424,8/1/2024,,"For me, NTX is more than just a kpop artist... It's a group that shines with light and talent! Your charisma and music are out of this world and I'm very grateful for your existence. Thank you so much. NTX, fighting! I love you."
,Diana (Didi),Brazil,Espanha (Madrid) / Brasil (JoÃ£o Pessoa),8,#EE2424,3/30/2024,,"NTX, VocÃªs sÃ£o incrÃ­veis, nesses 4 anos de sua histÃ³ria vocÃªs nÃ£o pararam de brilhar e mostrar pro mundo que voces tem luz prÃ³pria, espero que vocÃªs nunca deixem nimguem apagar esse brilho Ãºnico de vocÃªs e continuem visitando muitas cidades, onde vocÃªs vÃ£o receber muito apoio dos e das NTFULs, parabÃ©ns NTX, Pelo seu 4 anirvesÃ¡rio!!"
,Viny,Brazil,itambe,8,#EE2424,3/1/2010,,"Hi,I am from brazil,i love youğŸ¤—ğŸ¤— I wish you a happy birthday I wish you to be very happy I love youğŸ’•ğŸ’œğŸ’œğŸ’œğŸ’Œ"
,Hana,Brazil,Brazil,All,#EE2424,2021,,"âœ¨ Happy 4th Anniversary, NTX! âœ¨ Four years of talent, dedication, and so much love for the fans! Since your debut, it has always been special to follow your journey. Seeing you up close was amazing, showing how kind and talented you are. May this new chapter bring even more success, unforgettable moments, and lots of love. Keep shining! âœ¨ With love, Hana K World"
,Thercyo,Brazil,"Campina Grande, Brazil ğŸ‡§ğŸ‡·",Changhun & Hyeongjin,#EE2424,6/1/2024,,"Happy 4th anniversary, NTX! You've grown so much, and I'm so happy to see you accomplishing more and more every day! I hope you'll always have something good to fill your hearts with happiness. You can always count on my support! ğŸ¤ Love from Brazil."
,Jen,Brazil,Brazil,"Hojun, Rawhyun & Eunho",#EE2424,10/08/24,,"I'm extremely happy to witness so much in just one year of being a fan of you guys!! I'm extremely proud to see how much you're growing every day, and I want to follow every step of that. I love you guys so much, see you soon!"
,Mayara,Brazil,"Curitiba,Brasil",Hyeongjin e yunhyeok,#EE2424,11/12/2022,,"It's a pleasure to be with you boys for another year, you fill me with pride and joy every day, even from a distance I feel an enormous affection for each member... thank you so much for the fandom that loves you so much, congratulations on your 4th anniversary, you are the best..i love you ğŸ©·ğŸ«°ğŸ˜ğŸ¥¹"
,SOPHIA ELDO,Brazil,FORTALEZA/ CEARÃ /BRASIL,RAWHYUN & YUNHYEOK,#EE2424,8/1/2024,,"MEUS AMORES!! Desejo o melhor pra vocÃªs, sempre! JÃ¡ estou com saudades de todos! VocÃªs sÃ£o especiais pra mim! AMO VOCÃŠS, Sophia Eldo ğŸ’šğŸ‡§ğŸ‡·"
,Malu,Brazil,BrasÃ­lia,Rawhyun and Xiha My UTT: Eunho,#EE2424,8/1/2024,,I love NTX so much they changed my life and I just want to thank you for being part of my life I love being NTFUL I love you NTX ğŸ’š
,-,Brazil,BrasÃ­lia,Rawhyun and Xiha My UTT: Eunho,#EE2424,11/1/2024,,"They saved me in every way a person can be saved, I hope that one day we can meet in Brasilia. I am very happy to be an NTFUL, thank you for being part of my life NTX!"
,Punchyy,Brazil,"JoÃ£o Pessoa, Brazil",Rawhyun/Hojun,#EE2424,3/1/2024,,Thank you for making my days happier and better to live ğŸ’š I love each one of you very very much ğŸ’š
,NYA,Brazil,Brasil - BrasÃ­lia,Xiha and Hyeongjin,#EE2424,2/17/2024,,"Congratulations on your 4th birthday! I've been a NTFUL member for 1 year and I'm proud of who you've become as people and artists. Thank you for your hard work and for giving us inexplicable feelings listening to each lyric you sing. I hope you grow more and more, conquer the world and more than that, continue to be such sweet and incredible people. I say and repeat how proud I am of each one of you and all your evolution! See you in June again in BrasÃ­lia celebrating my birthday, creating new memories and living another chapter of our story. I love you my boys! ğŸ©·ğŸ°ğŸ‡§ğŸ‡·"
,Iza,Brazil,"Mamanguape, Brazil ğŸ‡§ğŸ‡·",,#EE2424,6/1/2024,,"Congratulations, NTX, on an amazing 4-year journey! Your music and energy brighten our days, and weâ€™re always cheering for you. May this new chapter bring even more achievements, happiness, and success. Thank you for being an inspiration to all of us, NTFULs around the world! Letâ€™s keep walking this path together! â¤ï¸âœ¨ #NTX4EVER"
,_https.let ğŸ’š,Brazil,"JoÃ£o Pessoa, Brasil",,#EE2424,6/12/2024,,"Hi boyss, how are you?? I hope everything's fine.. If it's not, well, it's okay, anyone can be fine every time. I just want to say that I love you. Not in a simple way. But in a way that every time I'm feeling anxious or sad I listen to your songs, watch your videos, or do anything related to you. Thanks to you I've made some friends and great memories. And most important, thanks to you I'm still strong and alive. Thanks for not giving up and keep going. Ntful will always be here for you!! Whenever you're feeling down tell us. Don't be scared Happy 4th anniversary!!! Ntful loves you! ğŸ’šğŸ’š"
,Dariya,Bulgaria,Bulgaria,Hojun/Hyeongjin,#EE2424,1/1/2023,,"I'm so happy to know you. Thank you for working hard and showing us your artistry! You are truly all-rounders!! I feel so blessed to have met you in person, thank you for always being kind and considerate. I'm proud to be an NTFULâ£ï¸ I hope I can see you in Europe, stay healthy & never lose your spark!"
,Harsh,Canada,Canada,All!,#EE2424,3/1/2025,,"Thank you for working so hard from debut, I'm so happy to have discovered your music! The new album and past ones are so good, you guys are amazing. Your vocals, dance, and live performances are so energetic and amazing! I hope you all stay healthy and happy (and I hope to see you live one day!). ğŸ’—â™¾ï¸ğŸ’—"
,Debbie,China,"Shanxi, China",Hyeongjin,#ebe9e9,3/15/2023,,"During the challenging times in my life, your music, your smiles, and your performance gave me so much strength. Seeing how hard you work for your dreams makes me want to become a better version of myself. Happy 4th anniversary! Letâ€™s walk together all the way to the 100th anniversary!"
,knt,China,ä¸­å›½å±±ä¸œé’å²›ğŸ‡¨ğŸ‡³,NTXå…¨å‘˜,#EE2424,1/1/2025,,äº²çˆ±çš„NTX ç”·åŒå­¦ä»¬ ä½ ä»¬å¥½ ä»Šå¤©æ˜¯ä½ ä»¬å‡ºé“çš„å››å‘¨å¹´ï¼ç¥è´ºä½ ä»¬ï¼ğŸ‰ğŸ‰æˆ‘åœ¨ä»Šå¹´äºŒæœˆåˆšåˆšå…¥å‘ å¼€å§‹äº†è§£ä½ ä»¬ çœ‹ä½ ä»¬çš„ç‰©æ–™ ä¹Ÿçœ‹äº†peaktime ä½ ä»¬å¥½æ£’ï¼æˆ‘çœ‹åˆ°äº†ä½ ä»¬çš„åŠªåŠ›ğŸ’ªğŸ» å¾ˆå¹¸è¿å¯ä»¥è®¤è¯†ä½ ä»¬ è¿™æ¬¡å›å½’æ–°ä¸“çš„æ¯ä¸€é¦–éƒ½å¾ˆå¥½å¬ï¼çœ‹åˆ°è¿™æ¬¡ä¸“è¾‘å¤§å–äº†è¿™ä¹ˆå¤šæœ¬æˆ‘çœŸçš„å¥½æ„ŸåŠ¨ğŸ˜­è€Œä¸”è¿™æ¬¡å›å½’æˆå‘˜ä»¬çš„æœè£… é…åˆä¹Ÿéƒ½å¾ˆæ£’ï½è¯·ç»§ç»­åšæŒä¸‹å»å¥½å—ï¼ï¼ä¸­å›½NTFULä¸ä½ ä»¬åŒåœ¨ ä¼šç»§ç»­é™ªä¼´æ”¯æŒä½ ä»¬ æ€€æŒºï¼ï¼è¯·èµ°èŠ±è·¯å§ï¼ğŸŒ¸æˆ‘çˆ±ä½ ä»¬ HAPPY NTX DAYï¼ğŸ¥¹ğŸ«¶
,yg,China,China,ot8,#EE2424,3/1/2023,,æ°¸è¿œä¼šè®°å¾—2023å¹´çš„é‚£ä¸ªæ˜¥å¤©ï¼ çœ‹åˆ°ä½ ä»¬å¯¹äºæ¢¦æƒ³çš„åšæŒè®©æˆ‘ä¹Ÿæœ‰äº†åŠ›é‡ï¼ è°¢è°¢ä½ ä»¬ï¼ä¼šæ°¸è¿œçˆ±ä½ ä»¬ï¼åŠ æ²¹åŠ æ²¹ï¼
,Mayou ğŸ’—,France,France ğŸ‡«ğŸ‡·,Rawhyun ğŸ’š,#a5bd5e,1/1/2024,,"Happy 4th anniversary my NTX !! Iâ€™m so proud of what youâ€™ve become, proud of your musics, your constant happiness and your smiles, youâ€™ve grown through all those years to become those beautiful humans being. Always be happy, be healthy and be loved for who you are and who you will be ğŸ’— Lovely, From a proud ntful"
,Eli,France,France,Yunhyeok,#c24a8d,2/1/2023,,"Happy anniversary my boys!! Congratulations on this special day~ Thank you for being so amazing, talented, beautiful and kind. I love you and will forever support you â¤ï¸"
,citty,Germany,Germany,soni,#81c3ad,2/1/2023,,"10ë…„ ë™ì•ˆ ë‚˜ëŠ” K-Pop íŒ¬ì´ì—ˆì§€ë§Œ, ê·¸ ì‹œê°„ ì¤‘ ìµœê³ ì˜ ìˆœê°„ì€ ì§€ë‚œ 2ë…„ì´ì—ˆì–´, ë‚´ê°€ NTFULì´ ë˜ì—ˆì„ ë•Œ.ğŸ–¤ NTXğŸ‘ì„¸ê³„ğŸ‘ì§€ë°°~ğŸ¤ŸğŸ˜ğŸ”¥ğŸ˜ŒğŸ¸4ì£¼ë…„ ì¶•í•˜í•´~ğŸ¥³ğŸ¥‚"
,Lili,Indonesia,Indonesia,All members,#EE2424,9/1/2022,,"Hello NTX~ Happy 4th Anniversary ğŸ¥°â¤ï¸ğŸ’• I hope you guys happy and healthy ğŸ¤— I'm proud to see you guys get here. I didn't expect to be with you until now, it's almost my fifth year with you. We've been through a lot, fun but also painful. So hopefully tomorrow there's only fun we've been through together forever. I wish NTX existed forever. May more people love you guys in the future. I hope we'll stick together until whenever it's as ntx and ntful. Love you guys â¤ï¸ğŸ’•"
,Rara,Indonesia,Indonesia,Hyeongjin Hojun Eunho,#EE2424,3/1/2023,,Happy Anniversary NTX ğŸ–¤ NTFUL~ Thank you for making me smile every day. I'm happy being a part of NTFUL Ù©(ËŠá—œË‹)Ùˆ ~ may NTX continue to shine even brighter in the years to come and Let's make a big and strong fandom
,sha,Indonesia,"Indonesia, Bandung (i'm writing the city name here to help with the map pin point, but i'd prefer if you don't write it down in the website)","Hyeongjin, Rawhyun, Xiha",#EE2424,5/9/2023,,"Happy 4th anniversary, NTX ğŸ¥³ Thank you for staying here always. It's been more than 4 years since you started this journey, and now, NTFUL will also stay along by your side through this journey together. I may be an NTFUL whos face you haven't ever seen or voice you haven't ever heard, but I'm still an NTFUL who will sincerly always support you ~"
,ë‚˜ë¯¸,Japan,japan,ì°½í›ˆ,#6d8db7,8/1/2022,"4th ì¶•í•˜í•´ğŸˆ ì§€ê¸ˆê¹Œì§€ë„, ì•ìœ¼ë¡œë„ ê³„ì† ì‘ì›í•˜ê³  ìˆì–´ğŸ˜Š","4th ì¶•í•˜í•´ğŸˆ ì§€ê¸ˆê¹Œì§€ë„, ì•ìœ¼ë¡œë„ ê³„ì† ì‘ì›í•˜ê³  ìˆì–´ğŸ˜Š"
,ì—ë¬´,Japan,ì¼ë³¸,ì°½í›ˆ,#6d8db7,10/1/2020,"NTX ì—¬ëŸ¬ë¶„â™¡â™¡ ë°ë·” 4ì£¼ë…„ ì¶•í•˜í•´ìš”ğŸ¥³ğŸ¥³ 4ë…„ì°¨ë„ ëª¨ë‘ê°€ í•˜ê³  ì‹¶ì€ ê±° ì´ë£° ìˆ˜ ìˆê¸°ë¥¼. í•­ìƒ ë§ì´ ë…¸ë ¥í•´ì¤˜ì„œ ê³ ë§ˆì›Œìš”ğŸ¥° ì§€ê¸ˆ ì´ë ‡ê²Œ ì„¸ê³„ ì—¬ëŸ¬ ì§€ì—­ì—ì„œ ê³µì—°ì„ í•  ìˆ˜ ìˆë‹¤ëŠ” ê²Œ ë„ˆë¬´ ìë‘ìŠ¤ëŸ¬ì›Œìš”â˜ºï¸ ì˜¤ë«ë™ì•ˆ ëª¨ë‘ê°€ ì‘ì€ ê¸°íšŒë¥¼ ì°©ì‹¤íˆ ì¡ì•„ì„œ í•˜ë‚˜í•˜ë‚˜ í•˜ê³  ì‹¶ì€ ê²ƒì„ ì´ë¤„ê°€ëŠ” ëª¨ìŠµì„ ë©€ë¦¬ì„œ ì§€ì¼œë´ ì˜¨ ê²ƒ ê°™ì€ë° ì •ë§ í˜ì„ ë°›ê³  ìˆì–´ìš”ğŸ¥¹ NTXëŠ” ë‚˜ì—ê²Œ ìˆì–´ì„œ ë©‹ì§„ ìŒì•…ì„ í•´ì£¼ëŠ” ìë‘ìŠ¤ëŸ¬ìš´ íŒ€ì´ê³ , 8ëª… ëª¨ë‘ê°€ ì†Œì¤‘í•œ ë³´ë¬¼ì´ì—ìš”â˜ºï¸ ì•ìœ¼ë¡œë„ ì „ ì„¸ê³„ ë§ì€ ë¶„ë“¤ì—ê²Œ ì‚¬ë‘ë°›ëŠ” íŒ€ìœ¼ë¡œ ë†’ì´ ë‚ ì•„ë³´ì!!","NTX ì—¬ëŸ¬ë¶„â™¡â™¡ ë°ë·” 4ì£¼ë…„ ì¶•í•˜í•´ìš”ğŸ¥³ğŸ¥³ 4ë…„ì°¨ë„ ëª¨ë‘ê°€ í•˜ê³  ì‹¶ì€ ê±° ì´ë£° ìˆ˜ ìˆê¸°ë¥¼. í•­ìƒ ë§ì´ ë…¸ë ¥í•´ì¤˜ì„œ ê³ ë§ˆì›Œìš”ğŸ¥° ì§€ê¸ˆ ì´ë ‡ê²Œ ì„¸ê³„ ì—¬ëŸ¬ ì§€ì—­ì—ì„œ ê³µì—°ì„ í•  ìˆ˜ ìˆë‹¤ëŠ” ê²Œ ë„ˆë¬´ ìë‘ìŠ¤ëŸ¬ì›Œìš”â˜ºï¸ ì˜¤ë«ë™ì•ˆ ëª¨ë‘ê°€ ì‘ì€ ê¸°íšŒë¥¼ ì°©ì‹¤íˆ ì¡ì•„ì„œ í•˜ë‚˜í•˜ë‚˜ í•˜ê³  ì‹¶ì€ ê²ƒì„ ì´ë¤„ê°€ëŠ” ëª¨ìŠµì„ ë©€ë¦¬ì„œ ì§€ì¼œë´ ì˜¨ ê²ƒ ê°™ì€ë° ì •ë§ í˜ì„ ë°›ê³  ìˆì–´ìš”ğŸ¥¹ NTXëŠ” ë‚˜ì—ê²Œ ìˆì–´ì„œ ë©‹ì§„ ìŒì•…ì„ í•´ì£¼ëŠ” ìë‘ìŠ¤ëŸ¬ìš´ íŒ€ì´ê³ , 8ëª… ëª¨ë‘ê°€ ì†Œì¤‘í•œ ë³´ë¬¼ì´ì—ìš”â˜ºï¸ ì•ìœ¼ë¡œë„ ì „ ì„¸ê³„ ë§ì€ ë¶„ë“¤ì—ê²Œ ì‚¬ë‘ë°›ëŠ” íŒ€ìœ¼ë¡œ ë†’ì´ ë‚ ì•„ë³´ì!!"
,Miki,Japan,Japan,ì°½í›ˆ í›„ë‹ˆ,#6d8db7,3/1/2024,NTXê°€ ë‚˜ì˜ í–‰ë³µğŸ€ì‚´ì•„ê°€ëŠ” í˜ğŸ’ªğŸ»ì›ƒëŠ” ì–¼êµ´ì˜ ê·¼ì› ğŸ«¶ğŸ»ë‚´ ì•ì— ë‚˜íƒ€ë‚˜ì¤˜ì„œ ê³ ë§ˆì›ŒâœŒğŸ»ì•ìœ¼ë¡œë„ ì—´ì‹¬íˆ ë”°ë¼ê°ˆê²ŒğŸ«¡ã…ã…,NTXê°€ ë‚˜ì˜ í–‰ë³µğŸ€ì‚´ì•„ê°€ëŠ” í˜ğŸ’ªğŸ»ì›ƒëŠ” ì–¼êµ´ì˜ ê·¼ì› ğŸ«¶ğŸ»ë‚´ ì•ì— ë‚˜íƒ€ë‚˜ì¤˜ì„œ ê³ ë§ˆì›ŒâœŒğŸ»ì•ìœ¼ë¡œë„ ì—´ì‹¬íˆ ë”°ë¼ê°ˆê²ŒğŸ«¡ã…ã…
,mayu,Japan,æ—¥æœ¬ åƒè‘‰çœŒ,Hojun,#81c3ad,8/1/2023,,NTXã®å¹¸ã›ã¯NTFULã®å¹¸ã›ã§ã‚ã‚Šã€ç§ã®å¹¸ã›ã«ã¤ãªãŒã‚Šã¾ã™ã€‚ãã—ã¦ãã“ã‹ã‚‰ãŸãã•ã‚“ã®HappyãŒç”Ÿã¾ã‚Œã¦ã¾ã™ NTXã€NTFULã®çš†ã•ã‚“ã€å¹¸ã›ã‚’ã‚ã‚ŠãŒã¨ã†ã”ã–ã„ã¾ã™ğŸ«¶
,ì¹˜ì¹´ì¹˜ì¹´,Japan,ì¼ë³¸,í˜¸ì¤€,#81c3ad,9/1/2022,MTFUL4ì£¼ë…„ ì¶•í•˜í•´ìš”! í•­ìƒ ì—”í‹°í”Œì—ê²Œ í–‰ë³µì„ ê³ ë§ˆì›Œìš”ğŸ˜Œì•ìœ¼ë¡œë„ ì—´ì‹¬íˆ ì‘ì›í• ê²Œìš”~!,MTFUL4ì£¼ë…„ ì¶•í•˜í•´ìš”! í•­ìƒ ì—”í‹°í”Œì—ê²Œ í–‰ë³µì„ ê³ ë§ˆì›Œìš”ğŸ˜Œì•ìœ¼ë¡œë„ ì—´ì‹¬íˆ ì‘ì›í• ê²Œìš”~!
,ë‚˜ì˜¤,Japan,ì¼ë³¸,ì€í˜¸,#976a9a,2023,"ì‚¬ë‘í•˜ëŠ” ì—”í‹°ì—‘ìŠ¤ 4ì£¼ë…„ ì¶•í•˜í•´ìš”~!! í•­ìƒ ë‚˜ì˜ í”¼ê³¤í• ë•Œì˜ íë§ìœ¼ë¡œ, í—¤ë§¬ë•Œ ì´ëŒì–´ì£¼ëŠ” ë¹›ìœ¼ë¡œ, ë…¸ë ¥í•˜ëŠ” ìš©ê¸°ê°€ ë˜ì–´ì£¼ì–´ì„œ ê³ ë§ˆì›Œìš”â™¡ ì˜ì›ì´ë¼ëŠ” ë§ì€ ë¯¿ì§€ ì•Šì•˜ì§€ë§Œ, ì—”í‹°ì—‘ìŠ¤ë¼ê³  í•œë‹¤ë©´ ë¯¿ì–´ë³´ê³  ì‹¶ê³ , ì˜ì›íˆ í•¨ê»˜ í•˜ê³  ì‹¶ë‹¤ê³  ìƒê°í•´ìš” ìš°ë¦¬ ì„œë¡œë¥¼ ì‚¬ë‘í•˜ê³  ê²©ë ¤í•˜ë©° ì„¸ê³„ê°€ ë¶€ëŸ¬ì›Œí•˜ëŠ” ì•„ì´ëŒê³¼ íŒ¬ì´ ë˜ìê¾¸ë‚˜~!!","ì‚¬ë‘í•˜ëŠ” ì—”í‹°ì—‘ìŠ¤ 4ì£¼ë…„ ì¶•í•˜í•´ìš”~!! í•­ìƒ ë‚˜ì˜ í”¼ê³¤í• ë•Œì˜ íë§ìœ¼ë¡œ, í—¤ë§¬ë•Œ ì´ëŒì–´ì£¼ëŠ” ë¹›ìœ¼ë¡œ, ë…¸ë ¥í•˜ëŠ” ìš©ê¸°ê°€ ë˜ì–´ì£¼ì–´ì„œ ê³ ë§ˆì›Œìš”â™¡ ì˜ì›ì´ë¼ëŠ” ë§ì€ ë¯¿ì§€ ì•Šì•˜ì§€ë§Œ, ì—”í‹°ì—‘ìŠ¤ë¼ê³  í•œë‹¤ë©´ ë¯¿ì–´ë³´ê³  ì‹¶ê³ , ì˜ì›íˆ í•¨ê»˜ í•˜ê³  ì‹¶ë‹¤ê³  ìƒê°í•´ìš” ìš°ë¦¬ ì„œë¡œë¥¼ ì‚¬ë‘í•˜ê³  ê²©ë ¤í•˜ë©° ì„¸ê³„ê°€ ë¶€ëŸ¬ì›Œí•˜ëŠ” ì•„ì´ëŒê³¼ íŒ¬ì´ ë˜ìê¾¸ë‚˜~!!"
,ì´ì˜¤ë¦¬,Japan,"æ—¥æœ¬ã€å¤§é˜ª ï¼ˆJapan,Osakaï¼‰",ì€í˜¸,#976a9a,11/1/2024,,4å‘¨å¹´ãŠã‚ã§ã¨ã†ã”ã–ã„ã¾ã™ï¼ï¼ï¼NTXã¨å‡ºä¼šã£ã¦ã‹ã‚‰ç§ã®æ¯æ—¥ã¯ã™ã”ãå¹¸ã›ã§æ¥½ã—ã„ã§ã™â™¡â™¡ã„ã¤ã‚‚ç´ æ•µãªãƒ‘ãƒ•ã‚©ãƒ¼ãƒãƒ³ã‚¹ã‚’ç§ãŸã¡ã«å±Šã‘ã¦ãã ã•ã£ã¦ã‚ã‚ŠãŒã¨ã†ã”ã–ã„ã¾ã™ï¼ï¼ã¾ãŸã€ã‚¢ã‚¤ãƒ‰ãƒ«ã‚’é•·ãç¶šã‘ã‚‹ã“ã¨ã¯ç°¡å˜ã§ã¯ç„¡ã„ã®ã«ã“ã†ã—ã¦ä½•å¹´ã‚‚ã‚¢ã‚¤ãƒ‰ãƒ«ã§ã„ã¦ãã‚Œã¦ã‚ã‚ŠãŒã¨ã†ã”ã–ã„ã¾ã™â™¡ï¼ ë§Œë‚˜ì£¼ì–´ì„œ ê³ ë§ˆì›Œìš”ï¼ ëª¨ë‘ ì¢‹ì•„í•´ìš”~^^*
,bbaneyan,Japan,ì¼ë³¸,ì€í˜¸,#976a9a,9/1/2022,í•­ìƒ ì‘ì›í•˜ê²Œ í•´ì¤˜ì„œ ê³ ë§ˆì›Œâ™¡ ì•ìœ¼ë¡œë„ í•¨ê»˜ í•˜ì~!! ì‚¬ë‘í•´~â™¡â™¡,í•­ìƒ ì‘ì›í•˜ê²Œ í•´ì¤˜ì„œ ê³ ë§ˆì›Œâ™¡ ì•ìœ¼ë¡œë„ í•¨ê»˜ í•˜ì~!! ì‚¬ë‘í•´~â™¡â™¡
,ìŠˆë¦¬,Japan,ì¼ë³¸,ì€í˜¸,#976a9a,7/1/2023,4ì£¼ë…„ ì¶•í•˜í•´! ëª¨ë‘ê°€ ìœ„ë¥¼ ë³´ê³  ì—´ì‹¬íˆ í•˜ëŠ” ê²ƒì„ ë³´ê³  ì €ë„ í˜ì„ ì–»ê³  ìˆìŠµë‹ˆë‹¤! í•­ìƒ NTFULì— ì‚¬ë‘ì„ ì „í•´ì¤˜ì„œ ê³ ë§ˆì›Œìš”ğŸ©·ì§€ë‚œ 1ë…„ë„ ì„¸ê³„ë¥¼ ëˆ„ë¹„ë©´ì„œ Kiss the World í•˜ì„¸ìš”ğŸ’‹ ê±´ê°•ì´ ì œì¼ì´ê³  í•¨ê»˜ ê±¸ì–´ìš”~ë‚œì¿ ë£¨ë‚˜ì´ì‹¸ã€œ,4ì£¼ë…„ ì¶•í•˜í•´! ëª¨ë‘ê°€ ìœ„ë¥¼ ë³´ê³  ì—´ì‹¬íˆ í•˜ëŠ” ê²ƒì„ ë³´ê³  ì €ë„ í˜ì„ ì–»ê³  ìˆìŠµë‹ˆë‹¤! í•­ìƒ NTFULì— ì‚¬ë‘ì„ ì „í•´ì¤˜ì„œ ê³ ë§ˆì›Œìš”ğŸ©·ì§€ë‚œ 1ë…„ë„ ì„¸ê³„ë¥¼ ëˆ„ë¹„ë©´ì„œ Kiss the World í•˜ì„¸ìš”ğŸ’‹ ê±´ê°•ì´ ì œì¼ì´ê³  í•¨ê»˜ ê±¸ì–´ìš”~ë‚œì¿ ë£¨ë‚˜ì´ì‹¸ã€œ
,ìœ í‚¤,Japan,JAPAN,RawHyun,#a5bd5e,12/23/2023,í”¼í¬íƒ€ì„ìœ¼ë¡œ NTXë¥¼ ì•Œê²Œ ë˜ì—ˆìŠµë‹ˆë‹¤. NTXì˜ ìŒì•…ì„ ì•„ì£¼ ì¢‹ì•„í•©ë‹ˆë‹¤. ë¬´ëŒ€ì—ì„œëŠ” í•­ìƒ ì¦ê²ê²Œ í•´ì¤˜ì„œ ê³ ë§ˆì›Œìš”ğŸµ4ì£¼ë…„ ì¶•í•˜í•´ìš”ğŸ™Œì•ìœ¼ë¡œë„ ì‘ì›í• ê²Œìš”ï½,í”¼í¬íƒ€ì„ìœ¼ë¡œ NTXë¥¼ ì•Œê²Œ ë˜ì—ˆìŠµë‹ˆë‹¤. NTXì˜ ìŒì•…ì„ ì•„ì£¼ ì¢‹ì•„í•©ë‹ˆë‹¤. ë¬´ëŒ€ì—ì„œëŠ” í•­ìƒ ì¦ê²ê²Œ í•´ì¤˜ì„œ ê³ ë§ˆì›Œìš”ğŸµ4ì£¼ë…„ ì¶•í•˜í•´ìš”ğŸ™Œì•ìœ¼ë¡œë„ ì‘ì›í• ê²Œìš”ï½
,ì•„ë‚˜ì•„ë‚˜,Japan,ì¼ë³¸,ë¡œí˜„ğŸ’š,#a5bd5e,,4ì£¼ë…„ ì •ë§ ì¶•í•˜ë“œë ¤ìš”â€¼ï¸ ì–¸ì œë‚˜ ë©‹ì§„ ë¬´ëŒ€ë¥¼ ë³´ì—¬ì£¼ëŠ” NTXê°€ ë„ˆë¬´ ì¢‹ì•„ìš”â€¼ï¸ ì•ìœ¼ë¡œë„ ê³„ì† ì‘ì›í•˜ê² ìŠµë‹ˆë‹¤â€¼ï¸,4ì£¼ë…„ ì •ë§ ì¶•í•˜ë“œë ¤ìš”â€¼ï¸ ì–¸ì œë‚˜ ë©‹ì§„ ë¬´ëŒ€ë¥¼ ë³´ì—¬ì£¼ëŠ” NTXê°€ ë„ˆë¬´ ì¢‹ì•„ìš”â€¼ï¸ ì•ìœ¼ë¡œë„ ê³„ì† ì‘ì›í•˜ê² ìŠµë‹ˆë‹¤â€¼ï¸
,í˜ë©ì´,Japan,ì¼ë³¸,ìœ¤í˜,#c24a8d,10/1/2024,ì—”í‹°ì—‘ìŠ¤ 40ë…„ê¹Œì§€ ì˜¤ë˜ì˜¤ë˜ê°€ì!!!,ì—”í‹°ì—‘ìŠ¤ 40ë…„ê¹Œì§€ ì˜¤ë˜ì˜¤ë˜ê°€ì!!!
,U,Japan,"íˆë¡œì‹œë§ˆ,ì¼ë³¸",ìœ¤í˜,#c24a8d,11/1/2024,"4ì£¼ë…„ ì •ë§ ì¶•í•˜í•´~! NTFULì´ ëœì§€ ì•„ì§ ì–¼ë§ˆ ë˜ì§€ ì•Šì•˜ì§€ë§Œ, ì´ ê¸°ê°„ì—ë„ ì´ë ‡ê²Œ ë§ì€ ì‚¬ë‘ì„ ë°›ê³  NTFULì´ ë  ìˆ˜ ìˆì–´ì„œ í–‰ë³µí•©ë‹ˆë‹¤!! ì¢€ë” ë¹¨ë¦¬ ë„ˆí¬ë“¤ì„ ë§Œë‚˜ê³  ì‹¶ì—ˆì–´ìš”ğŸ¥² ê·¸ë ‡ì§€ë§Œ! ê·¸ë™ì•ˆì˜ ì—¬ìœ ì‹œê°„ë§Œí¼ ì•ìœ¼ë¡œ ë§ì´ ì‚¬ë‘ì„ ì „í•˜ê³  ì‘ì›í• ê»˜ìš”~! í•­ìƒ NTFUL ì— ë§ì€ ì‚¬ë‘ì„ ì¤˜ì„œ ê³ ë§ˆì›Œìš” ì•ìœ¼ë¡œë„ ì‚¬ë‘í•©ë‹ˆë‹¤ğŸ«¶","4ì£¼ë…„ ì •ë§ ì¶•í•˜í•´~! NTFULì´ ëœì§€ ì•„ì§ ì–¼ë§ˆ ë˜ì§€ ì•Šì•˜ì§€ë§Œ, ì´ ê¸°ê°„ì—ë„ ì´ë ‡ê²Œ ë§ì€ ì‚¬ë‘ì„ ë°›ê³  NTFULì´ ë  ìˆ˜ ìˆì–´ì„œ í–‰ë³µí•©ë‹ˆë‹¤!! ì¢€ë” ë¹¨ë¦¬ ë„ˆí¬ë“¤ì„ ë§Œë‚˜ê³  ì‹¶ì—ˆì–´ìš”ğŸ¥² ê·¸ë ‡ì§€ë§Œ! ê·¸ë™ì•ˆì˜ ì—¬ìœ ì‹œê°„ë§Œí¼ ì•ìœ¼ë¡œ ë§ì´ ì‚¬ë‘ì„ ì „í•˜ê³  ì‘ì›í• ê»˜ìš”~! í•­ìƒ NTFUL ì— ë§ì€ ì‚¬ë‘ì„ ì¤˜ì„œ ê³ ë§ˆì›Œìš” ì•ìœ¼ë¡œë„ ì‚¬ë‘í•©ë‹ˆë‹¤ğŸ«¶"
,ë¦¬ì˜¤,Japan,JAPAN,XIHA,#e06e3c,10/3/2024,"4ì£¼ë…„ ì¶•í•˜í•©ë‹ˆë‹¤! NTXë¥¼ ë§Œë‚˜ì„œ í–‰ë³µí•©ë‹ˆë‹¤! í•­ìƒ ê¸°ìš´ê³¼ í–‰ë³µì„ ì£¼ì…”ì„œ ê°ì‚¬í•©ë‹ˆë‹¤ğŸ˜„ ì•ìœ¼ë¡œë„ ê³„ì† ì‘ì›í•˜ê³  ìˆê³ , ì •ë§ ì¢‹ì•„í•´ìš”! ë‹¤ì‹œ í•œë²ˆ 4ì£¼ë…„ ì¶•í•˜í•´! ğŸ‰ì•ìœ¼ë¡œë„ ê³„ì† ë©‹ì§€ê³  ê·€ì—½ê³  ì¬ë¯¸ìˆëŠ” NTXë¡œ ìˆì–´ì¤˜â€ªğŸ«¶ğŸ» ğŸ’­","4ì£¼ë…„ ì¶•í•˜í•©ë‹ˆë‹¤! NTXë¥¼ ë§Œë‚˜ì„œ í–‰ë³µí•©ë‹ˆë‹¤! í•­ìƒ ê¸°ìš´ê³¼ í–‰ë³µì„ ì£¼ì…”ì„œ ê°ì‚¬í•©ë‹ˆë‹¤ğŸ˜„ ì•ìœ¼ë¡œë„ ê³„ì† ì‘ì›í•˜ê³  ìˆê³ , ì •ë§ ì¢‹ì•„í•´ìš”! ë‹¤ì‹œ í•œë²ˆ 4ì£¼ë…„ ì¶•í•˜í•´! ğŸ‰ì•ìœ¼ë¡œë„ ê³„ì† ë©‹ì§€ê³  ê·€ì—½ê³  ì¬ë¯¸ìˆëŠ” NTXë¡œ ìˆì–´ì¤˜â€ªğŸ«¶ğŸ» ğŸ’­"
,â­ï¸ğŸ’«â­ï¸,Japan,ì¼ë³¸,ì‹œí•˜,#e06e3c,9/1/2022,NTXì˜ íŒ¬ì´ ë˜ì–´ ì¸ìƒì´ ë§¤ìš° ì¦ê²ìŠµë‹ˆë‹¤. NTXì˜ í¼í¬ë¨¼ìŠ¤ë¥¼ ë³´ë©´ í˜ë“  ì¼ë„ ìŠì„ ìˆ˜ ìˆì–´ì„œ ë§ˆìŒì´ ê°€ë²¼ì›Œì§‘ë‹ˆë‹¤. ì•ìœ¼ë¡œë„ ê±´ê°• ì¡°ì‹¬í•˜ì‹œê³  ë©‹ì§„ ë…¸ë˜ì™€ ì¶¤ì„ ë³´ì—¬ì£¼ì„¸ìš©,NTXì˜ íŒ¬ì´ ë˜ì–´ ì¸ìƒì´ ë§¤ìš° ì¦ê²ìŠµë‹ˆë‹¤. NTXì˜ í¼í¬ë¨¼ìŠ¤ë¥¼ ë³´ë©´ í˜ë“  ì¼ë„ ìŠì„ ìˆ˜ ìˆì–´ì„œ ë§ˆìŒì´ ê°€ë²¼ì›Œì§‘ë‹ˆë‹¤. ì•ìœ¼ë¡œë„ ê±´ê°• ì¡°ì‹¬í•˜ì‹œê³  ë©‹ì§„ ë…¸ë˜ì™€ ì¶¤ì„ ë³´ì—¬ì£¼ì„¸ìš©
,ê³ ì–‘ì´ í•œ ë§ˆë¦¬,Japan,JAPAN,ì‹œí•˜,#e06e3c,2024,4ì£¼ë…„ ì¶•í•˜í•´! ìš°ë¦¬ ì˜¤ë˜ì˜¤ë˜ í•¨ê»˜í•˜ì!,4ì£¼ë…„ ì¶•í•˜í•´! ìš°ë¦¬ ì˜¤ë˜ì˜¤ë˜ í•¨ê»˜í•˜ì!
,ìœ ìš°,Japan,kanagawa/japan,ì‹œí•˜,#e06e3c,8/1/2022,"ë‚´ ì‚¬ë‘, ë‚´ í˜ì˜ ì›ì²œ! ì •ë§ ì§„ì‹¬ìœ¼ë¡œ ì‘ì›í•©ë‹ˆë‹¤!!!!!!!","ë‚´ ì‚¬ë‘, ë‚´ í˜ì˜ ì›ì²œ! ì •ë§ ì§„ì‹¬ìœ¼ë¡œ ì‘ì›í•©ë‹ˆë‹¤!!!!!!!"
,í† ì½”,Japan,ì¼ë³¸,ìŠ¹ì›,#e4db54,9/1/2023,ì—”í‹°ì—‘ìŠ¤ 4ì£¼ë…„ ì¶•í•˜í•´ìš”~!!!!!! ì–¸ì œ ì–´ë””ì— ìˆë“  ëª¨ë‘ì˜ í–‰ë³µì„ ë°”ë¼ê³  ìˆì–´ìš©!! ì•ìœ¼ë¡œë„ ë§ˆ~~~ë‹ˆ ë©‹ìˆê²Œ ë›°ì–´ê°€ì„¸ìš”!â¤ï¸ ì¢‹ì•„í•´ìš” ì—”í‹°ì—‘ìŠ¤~~~~~(à¹‘â€¢á´—â€¢à¹‘) ë‹¤ì‹œ í•œë²ˆ ì¶•í•˜í•´ìš”!!,ì—”í‹°ì—‘ìŠ¤ 4ì£¼ë…„ ì¶•í•˜í•´ìš”~!!!!!! ì–¸ì œ ì–´ë””ì— ìˆë“  ëª¨ë‘ì˜ í–‰ë³µì„ ë°”ë¼ê³  ìˆì–´ìš©!! ì•ìœ¼ë¡œë„ ë§ˆ~~~ë‹ˆ ë©‹ìˆê²Œ ë›°ì–´ê°€ì„¸ìš”!â¤ï¸ ì¢‹ì•„í•´ìš” ì—”í‹°ì—‘ìŠ¤~~~~~(à¹‘â€¢á´—â€¢à¹‘) ë‹¤ì‹œ í•œë²ˆ ì¶•í•˜í•´ìš”!!
,ìŠ¤ì¦ˆ,Japan,æ—¥æœ¬ JAPAN OSAKA,ìŠ¹ì›,#e4db54,9/1/2022,NTX ì—¬ëŸ¬ë¶„ 4ì£¼ë…„ ì¶•í•˜ë“œë ¤ìš”ğŸ‰ğŸ‰ğŸ‰ğŸ‰ ì‘ë…„ NTXë¥¼ ë§Œë‚˜ì„œ í•¨ê»˜ ì¶•í•˜í•  ìˆ˜ ìˆì–´ì„œ ê¸°ë»¤ì–´ìš”! ì•ìœ¼ë¡œë„ ê³„ì† ì‘ì›í• ê²Œìš”ğŸ¥° 8ëª… ëª¨ë‘ ì‚¬ì´ì¢‹ê²Œ í–‰ë³µí•˜ê²Œ ì§€ë‚´ì„¸ìš”~( Â¨Ì® ),NTX ì—¬ëŸ¬ë¶„ 4ì£¼ë…„ ì¶•í•˜ë“œë ¤ìš”ğŸ‰ğŸ‰ğŸ‰ğŸ‰ ì‘ë…„ NTXë¥¼ ë§Œë‚˜ì„œ í•¨ê»˜ ì¶•í•˜í•  ìˆ˜ ìˆì–´ì„œ ê¸°ë»¤ì–´ìš”! ì•ìœ¼ë¡œë„ ê³„ì† ì‘ì›í• ê²Œìš”ğŸ¥° 8ëª… ëª¨ë‘ ì‚¬ì´ì¢‹ê²Œ í–‰ë³µí•˜ê²Œ ì§€ë‚´ì„¸ìš”~( Â¨Ì® )
,ë¹„ì•„ê•¤*.ï¾Ÿ,Japan,JAPAN,SEUNGWON,#e4db56,1/1/2020,,"Happy 4th Anniversary, NTXâ€¼ï¸ğŸ‰ğŸŠğŸ’ Congratulations on your 4th anniversary of debutâ£ï¸ğŸ‘ I will continue to support you with all my might so that you can celebrate your 5th and 6th anniversary togetherâ€¼ï¸ Thank you for always performing that I adore and always attracting cool stagesâ™¡ NTX, which makes a wide leap every year, is truly proud and precious for meâ˜ºï¸â™¡ May I continue to see you flutter around the world â€¼ï¸ Wish you guys always be healthy and happyâœ¨"
,askrrr,Japan,Japan,Seungwon,#e4db57,3/15/2023,ë°ë·” 4ì£¼ë…„ ì¶•í•˜í•´~!! NTXì˜ ë¬´ëŒ€ê°€ ì •ë§ ì¢‹ì•„ìš”! ì•ìœ¼ë¡œë„ ì „ ì„¸ê³„ì—ì„œ í™œë™í•˜ëŠ” NTXì— ê¸°ëŒ€í•˜ê³  ìˆì–´ìš”! ê·¸ëŸ¬ë‹ˆê¹Œ NTXë¡œì„œ ì˜ì›íˆ í™œë™í•´ì£¼ì„¸ìš”~!ë‹¤ì‹œ í•œë²ˆë„ ì¶•í•˜í•´~!!,ë°ë·” 4ì£¼ë…„ ì¶•í•˜í•´~!! NTXì˜ ë¬´ëŒ€ê°€ ì •ë§ ì¢‹ì•„ìš”! ì•ìœ¼ë¡œë„ ì „ ì„¸ê³„ì—ì„œ í™œë™í•˜ëŠ” NTXì— ê¸°ëŒ€í•˜ê³  ìˆì–´ìš”! ê·¸ëŸ¬ë‹ˆê¹Œ NTXë¡œì„œ ì˜ì›íˆ í™œë™í•´ì£¼ì„¸ìš”~!ë‹¤ì‹œ í•œë²ˆë„ ì¶•í•˜í•´~!!
,ì•„í‚¤ì½©,Japan,Japan Tokyo,í–¥ì§„,#ebe9e9,10/1/2023,ë°ë·” 4ì£¼ë…„ ì¶•í•˜í•´ìš”ï¼ NTFULì´ ë˜ì„œ ì •ë§ í–‰ë³µí•´ìš”ğŸ«¶ğŸ»â€ ì•ìœ¼ëŸ¬ë„ ì˜¤ë˜ì˜¤ë˜ ê°™ì´ ê°€ìï½Skrrâ£ï¸,ë°ë·” 4ì£¼ë…„ ì¶•í•˜í•´ìš”ï¼ NTFULì´ ë˜ì„œ ì •ë§ í–‰ë³µí•´ìš”ğŸ«¶ğŸ»â€ ì•ìœ¼ëŸ¬ë„ ì˜¤ë˜ì˜¤ë˜ ê°™ì´ ê°€ìï½Skrrâ£ï¸
,Y,Japan,ì¼ë³¸,í˜•ì§„,#ebe9e9,9/1/2022,ì˜¤ë˜ì˜¤ë˜ í•¨ê»˜í•˜ì~ğŸ¤,ì˜¤ë˜ì˜¤ë˜ í•¨ê»˜í•˜ì~ğŸ¤
,ë³´ì¡°ê°œëˆ„ë‚˜,Japan,JAPAN,í˜•ì§„,#ebe9e9,8/1/2022,ì—”í‹°ì—‘ìŠ¤ 4ì£¼ë…„ ì¶•í•˜í•´~~!ë²Œì¨ 4ì£¼ë…„ì´ë¼ë‹ˆ! ì´ì œ ë°ë·” ê¸°ë…ì¼ì„ ì¶•í•˜í•˜ëŠ”ê±´ 3ë²ˆì§¸ê°€ ë˜ëŠ”ë° ì§€ê¸ˆê¹Œì§€ í•¨ê»˜í•  ìˆ˜ ìˆì–´ì„œ ë„ˆë¬´ ì¢‹ì•˜ê³  ì•ìœ¼ë¡œë„ ê·¸ëŸ´ê±°ë‹ˆê¹Œ ìš°ë¦¬ ì•ìœ¼ë¡œ ë”ë” ì¢‹ì€ ì¶”ì–µì„ ìŒ“ì•„ê°€ìğŸ¤ ë‹¤ìŒì— 5ì£¼ë…„ì„ ë§ì´í•  ë• ìš°ë¦¬ ì„œë¡œê°€ ì§€ê¸ˆê¹Œì§€ë³´ë‹¤ í–‰ë³µí–ˆë‹¤ê³  ëŠë‚„ ìˆ˜ ìˆëŠ” ê·¸ëŸ° í•œí•´ë¥¼ ë³´ë‚´ì~! í•­ìƒ ë…¸ë ¥í•´ì¤˜ì„œ ê³ ë§™ê³  ì‚¬ë‘í•´!ğŸ¤ğŸ¤ğŸ¤ğŸ¤,ì—”í‹°ì—‘ìŠ¤ 4ì£¼ë…„ ì¶•í•˜í•´~~!ë²Œì¨ 4ì£¼ë…„ì´ë¼ë‹ˆ! ì´ì œ ë°ë·” ê¸°ë…ì¼ì„ ì¶•í•˜í•˜ëŠ”ê±´ 3ë²ˆì§¸ê°€ ë˜ëŠ”ë° ì§€ê¸ˆê¹Œì§€ í•¨ê»˜í•  ìˆ˜ ìˆì–´ì„œ ë„ˆë¬´ ì¢‹ì•˜ê³  ì•ìœ¼ë¡œë„ ê·¸ëŸ´ê±°ë‹ˆê¹Œ ìš°ë¦¬ ì•ìœ¼ë¡œ ë”ë” ì¢‹ì€ ì¶”ì–µì„ ìŒ“ì•„ê°€ìğŸ¤ ë‹¤ìŒì— 5ì£¼ë…„ì„ ë§ì´í•  ë• ìš°ë¦¬ ì„œë¡œê°€ ì§€ê¸ˆê¹Œì§€ë³´ë‹¤ í–‰ë³µí–ˆë‹¤ê³  ëŠë‚„ ìˆ˜ ìˆëŠ” ê·¸ëŸ° í•œí•´ë¥¼ ë³´ë‚´ì~! í•­ìƒ ë…¸ë ¥í•´ì¤˜ì„œ ê³ ë§™ê³  ì‚¬ë‘í•´!ğŸ¤ğŸ¤ğŸ¤ğŸ¤
,ì´ìš”ì§±,Japan,åå¤å±‹,í˜•ì§„,#ebe9e9,11/1/2024,,ãƒ‡ãƒ“ãƒ¥ãƒ¼4å‘¨å¹´ãŠã‚ã§ã¨ã†ğŸ¥¹ğŸ’• ã„ã¤ã‚‚æ²¢å±±ã®å¹¸ã›ã‚’ãã‚Œã¦ã‚ã‚ŠãŒã¨ã†âœ¨ ã“ã‚Œã‹ã‚‰ã‚‚ãšã£ã¨ä¸€ç·’ã«ã„ã‚ˆã†ã­ï¼ï¼
,Kenny,Korea,"Seoul,Korea",Rawhyun,#a5bd5e,8/1/2019,í•­ìƒ ì‘ì›í•˜ê³  ìˆì–´. ë©ˆì¶”ì§€ ë§ê³  ë‚˜ì•„ê°€ì. ëê¹Œì§€ ì‘ì›í• ê»˜.,í•­ìƒ ì‘ì›í•˜ê³  ìˆì–´. ë©ˆì¶”ì§€ ë§ê³  ë‚˜ì•„ê°€ì. ëê¹Œì§€ ì‘ì›í• ê»˜.
,ë§ˆë£¨,Korea,ë¶€ì‚°,ì‹œí•˜,#e06e3c,sept 2023,ì—”í‹°ì—‘ìŠ¤ë¥¼ ë§Œë‚˜ê³  ì§€ê¸ˆê¹Œì§€ í˜ë“¤ë•Œë„ ê¸°ì ë•Œë„ í•¨ê»˜ í•´ì£¼ì…”ì„œ ê°ì‚¬í•´ìš”.ì•ìœ¼ë¡œë„ ì‚¬ë‘í•´ìš”ï¼,ì—”í‹°ì—‘ìŠ¤ë¥¼ ë§Œë‚˜ê³  ì§€ê¸ˆê¹Œì§€ í˜ë“¤ë•Œë„ ê¸°ì ë•Œë„ í•¨ê»˜ í•´ì£¼ì…”ì„œ ê°ì‚¬í•´ìš”.ì•ìœ¼ë¡œë„ ì‚¬ë‘í•´ìš”ï¼
,ì•¤ì‚¬,Korea,í•œêµ­,ëª¨ë‘,#EE2424,3/1/2021,4ì£¼ë…„ ì§„ì‹¬ìœ¼ë¡œ ì¶•í•˜í•´~ğŸ‘ğŸ‘ NTX ë•ë¶„ì— ì§€ë‚œ 4ë…„ í–‰ë³µí–ˆì–´!! ì•ìœ¼ë¡œë„ ë” ë§ì€ ì—”í‹°í”Œì—ê²Œ ì‚¬ë‘ë°›ëŠ” ì•„í‹°ìŠ¤íŠ¸ê°€ ë  ë„ˆí¬ë¥¼ ì‘ì›í• ê²ŒğŸ©·,4ì£¼ë…„ ì§„ì‹¬ìœ¼ë¡œ ì¶•í•˜í•´~ğŸ‘ğŸ‘ NTX ë•ë¶„ì— ì§€ë‚œ 4ë…„ í–‰ë³µí–ˆì–´!! ì•ìœ¼ë¡œë„ ë” ë§ì€ ì—”í‹°í”Œì—ê²Œ ì‚¬ë‘ë°›ëŠ” ì•„í‹°ìŠ¤íŠ¸ê°€ ë  ë„ˆí¬ë¥¼ ì‘ì›í• ê²ŒğŸ©·
,AE,Latvia,"Riga, Latvia","BHJ, Hyeokie",#EE2424,11/1/2023,,"hi hi~ four years is a long time! do you feel proud when you look back and see how far youâ€™ve come? I do! I have a bad habit of bragging about the people I like. â€œDid you know they did this? Did you know they did that?â€~ thereâ€™s a hundred things I can brag about when I speak of NTX. itâ€™s been a pleasure to follow you. Iâ€™ve seen small happinesses and Iâ€™ve seen big ones. and same goes for sadnesses. theyâ€™ve all added value to my life, whether itâ€™s joy or compassion. thank you for everything! letâ€™s keep going no matter what~ with a lot of pride and love, AE"
,Ann,Malaysia,"Kuala Lumpur, Malaysia",Rawhyun ğŸ«¶ğŸ» OT8,#a5bd5e,,,"Thank you for becoming an idol! Because of you, I got to meet you all like this. I always feel so happy when I see you! Everyone is so amazing, so talented, and works so hardâ€”itâ€™s really incredible. Thanks to you, Iâ€™ve learned to love myself more and want to keep improving what I need to. I love NTX so, so much! Happy 4th anniversaryğŸ©· Letâ€™s keep growing together and cheering each other on for a long, long time! Letâ€™s go~!!"
,Chels,New Zealand,New Zealand,Hojun and Seungwon,#EE2424,11/1/2023,,Happy 4th Anniversary! ğŸ’— Thank you for being my sunshine on a rainy day â˜€ï¸ I hope we can spend many more years together. Always be happy and healthy. Love you all ğŸ’—
,sasa,Philippines,Philippines,xiha,#e06e3c,4/1/2023,,"Happy Anniversary, dear NTX! Yay! ğŸ‰ thank you for the amazing music & performances! you guys are really nice, lit & cool. No cap. ğŸ˜ our precious NTX, you guys deserve to congratulate and celebrate yourselves because you did great and keep on doing better ğŸ«³ğŸ»â™ ï¸ so proud to be your fan! ğŸ¥¹ thank you for making more & more NTFULS happy & inspired ğŸ’– excited for more fun times! NeoTracks, í™”ì´íŒ…! Woo, Let's Go! ğŸ”¥"
,Werka,Poland,Poland ğŸ‡µğŸ‡±,Ot8,#EE2424,2/22/2023,,"WASSUP SIR ğŸ«¡ The time I spent with you goes by very quickly, it's hard for me to believe that I've been your fan for over 2 years now! I'm glad that I could watch you grow as artists throughout this time. I am happy that you are getting better and better and you never give up ğŸ¥¹ Your music means a lot to me and you always cheer me up, you are my escape from the gray, boring reality, for which I thank you very much ğŸ’œ I can't wait to see what else you'll surprise us with in the future! Love from your Vintage Girl ğŸ’œ"
,ì•„ë‚˜,Portugal,"Lisbon, Portugal",ìŠ¹ì› + ë¡œí˜„,#e4db54,6/9/2023,í•­ìƒ ë‚˜ì—ê²Œ ì›ƒì„ ì´ìœ ë¥¼ ì¤˜ì„œ ê³ ë§ˆì›Œ. ë„ˆí¬ê°€ ì—†ì—ˆë‹¤ë©´ ì¸ìƒì´ í›¨ì”¬ ë” í˜ë“¤ì—ˆì„ ê±°ì•¼. ì–¸ì œë‚˜ NTFULì¸ ê²Œ ìë‘ìŠ¤ëŸ¬ìš¸ ê±°ì•¼!! NTX í™”ì´íŒ…!!,í•­ìƒ ë‚˜ì—ê²Œ ì›ƒì„ ì´ìœ ë¥¼ ì¤˜ì„œ ê³ ë§ˆì›Œ. ë„ˆí¬ê°€ ì—†ì—ˆë‹¤ë©´ ì¸ìƒì´ í›¨ì”¬ ë” í˜ë“¤ì—ˆì„ ê±°ì•¼. ì–¸ì œë‚˜ NTFULì¸ ê²Œ ìë‘ìŠ¤ëŸ¬ìš¸ ê±°ì•¼!! NTX í™”ì´íŒ…!!
,ë‚˜ë‚˜,Portugal,"Lisbon, Portugal",ë°±í˜•ì§„ â™¡â ,#ebe9e9,6/9/2023,ìš¸ ì—”í‹°ì—‘ìŠ¤.. ê³¼ê±°ë¥¼ ëŒì•„ë³´ë©° í•¨ê»˜ ì–¼ë§ˆë‚˜ ì„±ì¥í–ˆëŠ”ì§€ ì„œë¡œì˜ ê³ì„ ë†“ì§€ ì•Šê³  ì´ë ‡ê²Œ ê±¸ì–´ì˜¨ ì‹œê°„ì´ ì •ë§ ì†Œì¤‘í•´.. ì¢‹ì€ ì•„ì´ëŒì€ ì¢‹ì€ íŒ¬ì„ ë§Œë“ ë‹¤ë‹ˆê¹Œ ì˜¤ëŠ˜ ê°™ì€ ë‚  ì´ë ‡ê²Œ ë‹¤ í•¨ê»˜ ìˆë‹¤ëŠ” ê²Œ ì •ë§ í–‰ë³µí•´!! íƒœì–´ë‚œ ê²ƒë„ ê°ì‚¬í•˜ê³  ì•ìœ¼ë¡œë„ ë‘ë ¤ì›€ ì—†ì´ í•¨ê»˜ í•  ìš°ë¦¬ì—ê²Œ ì§„ì‹¬ìœ¼ë¡œ ê³ ë§ˆì›Œ!,ìš¸ ì—”í‹°ì—‘ìŠ¤.. ê³¼ê±°ë¥¼ ëŒì•„ë³´ë©° í•¨ê»˜ ì–¼ë§ˆë‚˜ ì„±ì¥í–ˆëŠ”ì§€ ì„œë¡œì˜ ê³ì„ ë†“ì§€ ì•Šê³  ì´ë ‡ê²Œ ê±¸ì–´ì˜¨ ì‹œê°„ì´ ì •ë§ ì†Œì¤‘í•´.. ì¢‹ì€ ì•„ì´ëŒì€ ì¢‹ì€ íŒ¬ì„ ë§Œë“ ë‹¤ë‹ˆê¹Œ ì˜¤ëŠ˜ ê°™ì€ ë‚  ì´ë ‡ê²Œ ë‹¤ í•¨ê»˜ ìˆë‹¤ëŠ” ê²Œ ì •ë§ í–‰ë³µí•´!! íƒœì–´ë‚œ ê²ƒë„ ê°ì‚¬í•˜ê³  ì•ìœ¼ë¡œë„ ë‘ë ¤ì›€ ì—†ì´ í•¨ê»˜ í•  ìš°ë¦¬ì—ê²Œ ì§„ì‹¬ìœ¼ë¡œ ê³ ë§ˆì›Œ!
,Rue,Saudi Arabia,"Riyadh, Saudi Arabia",Yunhyeok,#c24a8d,12/1/2024,,Congratulations on your 4th anniversary. Finding you and becoming your fan was one of the best decisions I ever made. Thank you for the amazing music and talent. I love you!
,LexiLouWho,Scotland,"Edinburgh, Scotland","Hojun, Eunho, & Changhun",#EE2424,2/1/2023,,"My loves!! I am so immensely proud of you! You continue to impress me daily, and I always love to see your creative genius at work! Iâ€™m so happy that more and more people around the world are falling in love with you guys, but I wonâ€™t forget your promise to me that you will come to the UK! ;) I canâ€™t wait to see your upcoming stages and Iâ€™m excited to see whatâ€™s next for each and every one of you!! Love you so incredibly much! Happy anniversary my darlings! â¤ï¸Lexi"
,RIQA,Singapore,Singapore,Eunho,#976a9a,5/16/2023,"ì œ ì¸ìƒì— NTXê°€ ìˆë‹¤ëŠ” ê²ƒì€ ì§„ì •í•œ ì¶•ë³µê³¼ í–‰ë³µì„ ëŠë¼ê²Œ í•´ì¤ë‹ˆë‹¤. ê·¸ë“¤ì— ëŒ€í•œ ë¬´ì–¸ê°€ê°€ ì €ë¥¼ ëŒì–´ë‹¹ê¸°ê³  ì ì  ë” ë§ì€ ê²ƒì„ ì•Œê³  ì‹¶ì–´ì§€ê²Œ ë§Œë“­ë‹ˆë‹¤. ì•¨ë²”, ì‚¬ìš´ë“œí´ë¼ìš°ë“œ íŠ¸ë™, ìœ íŠœë¸Œ ì»¤ë²„, ë²„ë¸”ì— ëŒ€í•œ ì§„ì‹¬ ì–´ë¦° ë©”ì‹œì§€ ë“± NTFULLsê°€ ì €í¬ë¥¼ ìœ„í•´ í•´ì£¼ëŠ” ëª¨ë“  ê²ƒì— ì •ë§ ê°ì‚¬ë“œë¦½ë‹ˆë‹¤. ê·¸ë“¤ì˜ ìŒì•…ì€ ê¸°ì¨ê³¼ ìœ„ë¡œ, ì˜ê°ì„ ì¤ë‹ˆë‹¤. ì—´ì •ê³¼ ë…¸ë ¥ì— ê°ì‚¬ë“œë¦½ë‹ˆë‹¤, NTX ì—¬ëŸ¬ë¶„. ì €í¬ NTFULLsëŠ” í•­ìƒ ì§„ì‹¬ì„ ë‹¤í•´ ì—¬ëŸ¬ë¶„ì„ ì‘ì›í•˜ê² ìŠµë‹ˆë‹¤!","Having NTX in my life makes me feel truly blessed and happy. Something about them draws me in, making me want to know more and more. Iâ€™m so grateful for everything they do for us, NTFULsâ€”their albums, SoundCloud tracks, YouTube covers, and heartfelt messages on Bubble. Their music brings joy, comfort, and inspiration. Thank you, NTX, for your passion and hard work. We, NTFULs, will always support you with all our hearts!"
,ğŸ€,Taiwan,,Changhun,#6d8db7,,ì—”í‹°ì—‘ìŠ¤ì˜ ì¡´ì¬ëŠ” í–‰ë³µì…ë‹ˆë‹¤ğŸ’—,ì—”í‹°ì—‘ìŠ¤ì˜ ì¡´ì¬ëŠ” í–‰ë³µì…ë‹ˆë‹¤ğŸ’—
,ì˜ì •,Taiwan,ëŒ€ë§Œ,ì‹œí•˜,#e06e3c,4/1/2024,ì‚¬ë‘í•˜ëŠ” ì—”í‹°ì—‘ìŠ¤ì—ê²Œ~ë°ë·” 4ì£¼ë…„ì„ ì¶•í•˜í•´ğŸ¥³ ë¹„ë¡ ì‘ë…„ì—ì•¼ ì—”í‹°ë¸” ë˜ì—ˆì–´ ë„ˆë¬´ ì•„ì‰½ì§€ë§Œ ì•ìœ¼ë¡œ ê¼­ ë„ˆí¬ë“¤ ê³ì— ìˆì„ê²Œ ë°˜ë“œì‹œ ê½ƒê¸¸ë§Œ ê±·ì! í•­ìƒ ê³ ë§ˆì›Œ! ì‚¬ë‘í•´â¤ï¸,ì‚¬ë‘í•˜ëŠ” ì—”í‹°ì—‘ìŠ¤ì—ê²Œ~ë°ë·” 4ì£¼ë…„ì„ ì¶•í•˜í•´ğŸ¥³ ë¹„ë¡ ì‘ë…„ì—ì•¼ ì—”í‹°ë¸” ë˜ì—ˆì–´ ë„ˆë¬´ ì•„ì‰½ì§€ë§Œ ì•ìœ¼ë¡œ ê¼­ ë„ˆí¬ë“¤ ê³ì— ìˆì„ê²Œ ë°˜ë“œì‹œ ê½ƒê¸¸ë§Œ ê±·ì! í•­ìƒ ê³ ë§ˆì›Œ! ì‚¬ë‘í•´â¤ï¸
,íƒ•ìœ„ì•ˆ,Taiwan,ëŒ€ë§Œ,ì‹œí•˜,#e06e3c,3/1/2023,ë°ë·” 4ì£¼ë…„ ì¶•í•˜í•´ìš©ğŸ‰â¤ï¸ ì¦ê±°ìš´ í•˜ë£¨ ë³´ë‚´ì„¸ìš”~~ í•­ìƒ í˜ì´ ë˜ì–´ì£¼ì…”ì„œ ì •ë§ ê³ ë§ˆì›Œìš”( Ë¶ËŠáµ•Ë‹)à©­â™¡ ìš°ë¦¬ ëª¨ë‘ í–‰ë³µí•˜ê³  ì¦ê²ê³  ê±´ê°•í•œ í•œ í•´ ë³´ë‚´ ã……ã„¹ã…ğŸ¥°,ë°ë·” 4ì£¼ë…„ ì¶•í•˜í•´ìš©ğŸ‰â¤ï¸ ì¦ê±°ìš´ í•˜ë£¨ ë³´ë‚´ì„¸ìš”~~ í•­ìƒ í˜ì´ ë˜ì–´ì£¼ì…”ì„œ ì •ë§ ê³ ë§ˆì›Œìš”( Ë¶ËŠáµ•Ë‹)à©­â™¡ ìš°ë¦¬ ëª¨ë‘ í–‰ë³µí•˜ê³  ì¦ê²ê³  ê±´ê°•í•œ í•œ í•´ ë³´ë‚´ ã……ã„¹ã…ğŸ¥°
,ë‚˜ë¹„ğŸ¦‹,Taiwan,TAIWAN,í˜•ì§„ğŸ¤,#ebe9e9,4/1/2024,ì—”í‹°ì—‘ìŠ¤ ì™€ì¹~ ë‚˜ë¹„ì…ë‹ˆë‹¹~ã…ã…ã… ì–´ëŠë§ NTFULì´ ëœ ì§€ 1ë…„ì´ ì§€ë‚¬ë„¤ìš”! ì‹œê°„ì´ ì°¸ ë¹ ë¥´ë‹¤~ í•œ í•´ ë™ì•ˆ NTX ë•ë¶„ì— ìƒˆë¡œìš´ ê²ƒë“¤ì„ ë§ì´ ê²½í—˜í–ˆìŠµë‹ˆë‹¤! ë§ì€ ì¶”ì–µì´ ìŒ“ì˜€ê³  í˜ë“  ë¶€ë¶„ë„ ë§ì•˜ì§€ë§Œ NTXë¥¼ ë³´ëŠ” ìˆœê°„ ê·¸ëŸ° ê²ƒë“¤ì€ ì¤‘ìš”í•˜ì§€ ì•Šì€ ê²ƒ ê°™ì•„ìš”! í•­ìƒ ìµœì„ ì„ ë‹¤í•´ ë©‹ì§„ ë¬´ëŒ€ë¥¼ ë³´ì—¬ ì¤„ NTX! ì •ë§ì •ë§ ì¢‹ì•„í•´! ìš°ë¦¬ ì˜¤ë˜ì˜¤ë˜ í•¨ê»˜í•©ì‹œë‹¤! 4ì£¼ë…„ ë§ì´ë§ì´ ì¶•í•˜í–‰!! ì‚¬ë‘í•´!!,ì—”í‹°ì—‘ìŠ¤ ì™€ì¹~ ë‚˜ë¹„ì…ë‹ˆë‹¹~ã…ã…ã… ì–´ëŠë§ NTFULì´ ëœ ì§€ 1ë…„ì´ ì§€ë‚¬ë„¤ìš”! ì‹œê°„ì´ ì°¸ ë¹ ë¥´ë‹¤~ í•œ í•´ ë™ì•ˆ NTX ë•ë¶„ì— ìƒˆë¡œìš´ ê²ƒë“¤ì„ ë§ì´ ê²½í—˜í–ˆìŠµë‹ˆë‹¤! ë§ì€ ì¶”ì–µì´ ìŒ“ì˜€ê³  í˜ë“  ë¶€ë¶„ë„ ë§ì•˜ì§€ë§Œ NTXë¥¼ ë³´ëŠ” ìˆœê°„ ê·¸ëŸ° ê²ƒë“¤ì€ ì¤‘ìš”í•˜ì§€ ì•Šì€ ê²ƒ ê°™ì•„ìš”! í•­ìƒ ìµœì„ ì„ ë‹¤í•´ ë©‹ì§„ ë¬´ëŒ€ë¥¼ ë³´ì—¬ ì¤„ NTX! ì •ë§ì •ë§ ì¢‹ì•„í•´! ìš°ë¦¬ ì˜¤ë˜ì˜¤ë˜ í•¨ê»˜í•©ì‹œë‹¤! 4ì£¼ë…„ ë§ì´ë§ì´ ì¶•í•˜í–‰!! ì‚¬ë‘í•´!!
,Runya,The Netherlands,"Haarlem, the Netherlands",Seungwon,#e4db58,2024,,"Much love for the always amazing NTX, you've come so far and will go so much further still! Happy 4th Anniversary! ğŸ’š"
,í¬ë£¨ë° ğŸˆ,Tunisia,íŠ€ë‹ˆì§€,í˜•ì§„ / ì‹œí•˜,#EE2424,12/24/2024,"ëŠ¦ë•ì´ë¼ì„œ ì•„ì‰¬ìš´ ë§ˆìŒë„ ìˆì§€ë§Œ, ì´ì œë¼ë„ ë„ˆí¬ë¥¼ ì•Œê²Œ ë˜ì–´ ì´ë ‡ê²Œ ë§ì€ ì¶”ì–µì„ ìŒ“ì„ ìˆ˜ ìˆë‹¤ëŠ” ê²Œ ì •ë§ í° í–‰ìš´ì´ë¼ê³  ìƒê°í•´! ê·¸ë¦¬ê³  4ì£¼ë…„ì„ í•¨ê»˜í•  ìˆ˜ ìˆì–´ì„œ ë„ˆë¬´ í–‰ë³µí•´. ì•ìœ¼ë¡œ ë‹¤ê°€ì˜¬ 5ì£¼ë…„, 6ì£¼ë…„, 10ì£¼ë…„, ê·¸ë¦¬ê³  100ì£¼ë…„ê¹Œì§€ë„ í•¨ê»˜í•˜ì! ê·¸ë™ì•ˆ ì •ë§ ë„ˆë¬´ ì˜í•´ì™”ê³ , ì•ìœ¼ë¡œë„ ë³´ì—¬ì¤„ ëª¨ìŠµë“¤ì´ ê¸°ëŒ€ë¼. í•­ìƒ ì‘ì›í•  í…Œë‹ˆê¹Œ ëê¹Œì§€ í•¨ê»˜ ë‹¬ë ¤ë³´ì! ìš°ë¦¬ ë©‹ì§€ê³  ì†Œì¤‘í•œ ì•„ê°€ë“¤, 4ì£¼ë…„ ì§„ì‹¬ìœ¼ë¡œ ì¶•í•˜í•˜ê³  ë§ì´ ë§ì´ ì‚¬ë‘í•´! ğŸ«¶","ëŠ¦ë•ì´ë¼ì„œ ì•„ì‰¬ìš´ ë§ˆìŒë„ ìˆì§€ë§Œ, ì´ì œë¼ë„ ë„ˆí¬ë¥¼ ì•Œê²Œ ë˜ì–´ ì´ë ‡ê²Œ ë§ì€ ì¶”ì–µì„ ìŒ“ì„ ìˆ˜ ìˆë‹¤ëŠ” ê²Œ ì •ë§ í° í–‰ìš´ì´ë¼ê³  ìƒê°í•´! ê·¸ë¦¬ê³  4ì£¼ë…„ì„ í•¨ê»˜í•  ìˆ˜ ìˆì–´ì„œ ë„ˆë¬´ í–‰ë³µí•´. ì•ìœ¼ë¡œ ë‹¤ê°€ì˜¬ 5ì£¼ë…„, 6ì£¼ë…„, 10ì£¼ë…„, ê·¸ë¦¬ê³  100ì£¼ë…„ê¹Œì§€ë„ í•¨ê»˜í•˜ì! ê·¸ë™ì•ˆ ì •ë§ ë„ˆë¬´ ì˜í•´ì™”ê³ , ì•ìœ¼ë¡œë„ ë³´ì—¬ì¤„ ëª¨ìŠµë“¤ì´ ê¸°ëŒ€ë¼. í•­ìƒ ì‘ì›í•  í…Œë‹ˆê¹Œ ëê¹Œì§€ í•¨ê»˜ ë‹¬ë ¤ë³´ì! ìš°ë¦¬ ë©‹ì§€ê³  ì†Œì¤‘í•œ ì•„ê°€ë“¤, 4ì£¼ë…„ ì§„ì‹¬ìœ¼ë¡œ ì¶•í•˜í•˜ê³  ë§ì´ ë§ì´ ì‚¬ë‘í•´! ğŸ«¶"
,Sofia,United Kingdom,"Cambridge, United Kingdom",Yunhyeok,#c24a8d,5/1/2023,,"I have been a K-pop fan for a long time now but NTX are super talented and hard working. I love their music, unique style and amazing attitude. I hope they never give up and continue to grow and succeed. I am proud to call myself NTFUL ğŸ’• Hope you come to Europe soon ğŸ©·"
,ì¡°ì§€ ğŸ€,USA,USA,Hojun,#81c3ad,7/24/2024,"NTX 4ì£¼ë…„ ì¶•í•˜í•´ìš©~! ì € ì•„ì§ 250ì¼ ì •ë„ë°–ì— ì•ˆ ëì§€ë§Œ, ë²Œì¨ ë§ì€ ì¼ë“¤ì´ ìˆì—ˆê³  í•¨ê»˜í•œ ëª¨ë“  ìˆœê°„ì— í•­ìƒ ê°ì‚¬í•´ìš”~~ ì•ìœ¼ë¡œ ë” ë§ì€ ì‹œê°„ì„ ê°™ì´ ë³´ë‚¼ ìˆ˜ ìˆìœ¼ë©´ ì¢‹ê² ì–´ìš©~ ì–´ë””ì„œë“  í•­ìƒ ì‘ì›í• ê²Œìš”!! ì‚¬ë‘í•´ìš”~ ìš°ë¦¬ ê¼­ ë‹¤ì‹œ ë§Œë‚˜ì!!","NTX 4ì£¼ë…„ ì¶•í•˜í•´ìš©~! ì € ì•„ì§ 250ì¼ ì •ë„ë°–ì— ì•ˆ ëì§€ë§Œ, ë²Œì¨ ë§ì€ ì¼ë“¤ì´ ìˆì—ˆê³  í•¨ê»˜í•œ ëª¨ë“  ìˆœê°„ì— í•­ìƒ ê°ì‚¬í•´ìš”~~ ì•ìœ¼ë¡œ ë” ë§ì€ ì‹œê°„ì„ ê°™ì´ ë³´ë‚¼ ìˆ˜ ìˆìœ¼ë©´ ì¢‹ê² ì–´ìš©~ ì–´ë””ì„œë“  í•­ìƒ ì‘ì›í• ê²Œìš”!! ì‚¬ë‘í•´ìš”~ ìš°ë¦¬ ê¼­ ë‹¤ì‹œ ë§Œë‚˜ì!!"
,ì‡¼ìœ ,USA,"California, USA",í˜¸ì¤€,#81c3ad,8/1/2025,ë°ë·” 4ì£¼ë…„ ì¶•í•˜í•´ìš”~!! Thank you for all the happiness & letâ€™s stay happy :),ë°ë·” 4ì£¼ë…„ ì¶•í•˜í•´ìš”~!! Thank you for all the happiness & letâ€™s stay happy :)
,kuromi,USA,"chicago, usa",rawhyun,#a5bd5e,11/27/2023,,"my entis, my forever, happy anniversary !! you already know how much i love you, but it doesn't hurt to tell you again >.< let's be happy this year and make good memories <3"
,Steph,USA,"Phoenix, ARIZONA, USA",Rawhyun + OT8 ğŸ’—,#a5bd5e,2/1/2023,,Our NTXies!!!! You have worked so hard for the past 4 years and your powerful performance has been amazing to watch! Itâ€™s been so fun to support you and see NTX grow over the past years. Please stay happy and healthy! Letâ€™s spend forever more together!! We love you so much!!
,Tay (Bobaqueen),USA,"Oldsmar, FL USA",Yunhyeok,#c24a8d,2023,,I became a fan after watching them on Peak Time and really admired their hard work and determination!! I'm proud to see how far they've come since then and looking forward to where they'll go next!
,íƒ€ì¹˜ë§ˆ,USA,ë¯¸êµ­,ë°±í˜•ì§„,#ebe9e9,sept 13 2023,ì•„ì£¼ ì˜¤ë˜ ì˜¤ë˜ í•¨ê»˜ í•˜ì ì‚¬ë‘í•´!,ì•„ì£¼ ì˜¤ë˜ ì˜¤ë˜ í•¨ê»˜ í•˜ì ì‚¬ë‘í•´!
,Pamela,USA,"North Carolina, USA","Hyeongjin, Rawhyun, Yunhyeok",#EE2424,2/1/2022,,"Thank you so much for all the amazing music, dancing, video calls, videos, and everything! I knew you had talent when I saw you on Peak Time. I am so proud of how far youâ€™ve come! The new album is amazing, and I look forward to many more amazing comebacks to come!!!"
,Joceliny,USA,"San Francisco, USA",NTX,#EE2424,2023,ì—”í‹°ì—‘ìŠ¤ ì…ë•í•˜ëŠ” í›„ì— ì§„ì‹¬ìœ¼ë¡œ ìƒˆë¡œìš´ ê¸¸ ì‹œì‘í–ˆì–´ìš”. ì € ë©¤ë²„ë“¤ìœ„í—¤ì„œ ë­ë“  ê±¸ í• ìˆ˜ìˆì–´ìš”. ë©¤ë²„ë“¤ì€ ì €ë¥¼ ê³„ì† ì‘ì›í•˜ê³  ì‚¬ë‘í•´ì¤˜ì„œ í•­ìƒ ê³ ë§ˆì›Œìš”. NTX 75ì£¼ë…„ê¹Œì§€ ê°™ì´ ìˆì–´ì•¼í•´ìš”!!!!,ì—”í‹°ì—‘ìŠ¤ ì…ë•í•˜ëŠ” í›„ì— ì§„ì‹¬ìœ¼ë¡œ ìƒˆë¡œìš´ ê¸¸ ì‹œì‘í–ˆì–´ìš”. ì € ë©¤ë²„ë“¤ìœ„í—¤ì„œ ë­ë“  ê±¸ í• ìˆ˜ìˆì–´ìš”. ë©¤ë²„ë“¤ì€ ì €ë¥¼ ê³„ì† ì‘ì›í•˜ê³  ì‚¬ë‘í•´ì¤˜ì„œ í•­ìƒ ê³ ë§ˆì›Œìš”. NTX 75ì£¼ë…„ê¹Œì§€ ê°™ì´ ìˆì–´ì•¼í•´ìš”!!!!
,Hailey,USA,USA,OT8,#EE2424,12/1/2023,,"Hi NTX! I just wanted to say Happy 4th Anniversary! Thank you for giving me so much happiness in my life. Whether it's through your dancing, singing, or even just your smile, you always give me so much joy and comfort. I listen to your guy's songs every single day. You all inspire me so much and I am so glad I have been able to meet you. I love you all so much and I can't wait to see what you do in the future. I will always be supporting you guys. Thank you for everything."